Pearson Correlation,WOD,WOD retained,ID OOD Mult,ID OOD Raw Mult,ID OOD Distance,Percent OOD drop,Percentage OOD retained,ID Dataset,DNN Arch.,Stem,SPR,CNN vs ViT,Aug. Strength,Resolution,OOD Dataset,Param. Count,ID Dataset Size,ID Class Count,OverParam. Level,Depth,ID Accuracy
0.96,0,1.947,0.252,0.265,0.730,11.92,88.08,Imagenet-100,VGGm-11,3,0.5,CNN,0,32,NINCO,9.46,126689,100,74.67104484,11,51.44
0.93,1.37,0.575,0.074,0.078,0.540,24.61,75.39,Imagenet-100,VGGm-11,3,0.5,CNN,0,32,ImageNet-R,9.46,126689,100,74.67104484,11,51.44
0.85,1.28,0.666,0.086,0.091,0.540,34.72,65.28,Imagenet-100,VGGm-11,3,0.5,CNN,0,32,CUB,9.46,126689,100,74.67104484,11,51.44
0.85,1.33,0.617,0.077,0.084,0.540,40.68,59.32,Imagenet-100,VGGm-11,3,0.5,CNN,0,32,Aircrafts,9.46,126689,100,74.67104484,11,51.44
0.87,0.4,1.541,0.201,0.210,0.660,30.90,69.1,Imagenet-100,VGGm-11,3,0.5,CNN,0,32,Flowers,9.46,126689,100,74.67104484,11,51.44
0.92,0.3,1.641,0.214,0.223,0.670,15.94,84.06,Imagenet-100,VGGm-11,3,0.5,CNN,0,32,CIFAR100,9.46,126689,100,74.67104484,11,51.44
0.98,0.44,1.500,0.187,0.204,0.650,5.15,94.85,Imagenet-100,VGGm-11,3,0.5,CNN,0,32,Pets,9.46,126689,100,74.67104484,11,51.44
0.95,0,2.602,0.297,0.354,0.860,7.05,92.95,Imagenet-100,VGGm-11,3,0.5,CNN,0,32,STL,9.46,126689,100,74.67104484,11,51.44
0.92,0.3,0.990,0.446,0.465,0.980,10.45,89.55,Imagenet-100,VGGm-11,3,0.5,CNN,0,224,NINCO,9.46,126689,100,74.67104484,11,77.72
0.97,0.97,0.315,0.142,0.148,0.800,12.03,87.97,Imagenet-100,VGGm-11,3,0.5,CNN,0,224,ImageNet-R,9.46,126689,100,74.67104484,11,77.72
0.86,0.99,0.294,0.133,0.138,0.800,24.60,75.4,Imagenet-100,VGGm-11,3,0.5,CNN,0,224,CUB,9.46,126689,100,74.67104484,11,77.72
0.88,0.99,0.292,0.128,0.137,0.800,17.07,82.93,Imagenet-100,VGGm-11,3,0.5,CNN,0,224,Aircrafts,9.46,126689,100,74.67104484,11,77.72
0.81,0.59,0.695,0.314,0.326,0.880,35.54,64.46,Imagenet-100,VGGm-11,3,0.5,CNN,0,224,Flowers,9.46,126689,100,74.67104484,11,77.72
0.92,0.65,0.638,0.288,0.300,0.870,12.80,87.2,Imagenet-100,VGGm-11,3,0.5,CNN,0,224,CIFAR100,9.46,126689,100,74.67104484,11,77.72
0.99,0.23,1.057,0.469,0.496,1.010,0.00,100,Imagenet-100,VGGm-11,3,0.5,CNN,0,224,Pets,9.46,126689,100,74.67104484,11,77.72
0.96,0,1.285,0.519,0.603,1.100,1.88,98.12,Imagenet-100,VGGm-11,3,0.5,CNN,0,224,STL,9.46,126689,100,74.67104484,11,77.72
0.97,0.02,1.567,0.379,0.396,0.890,2.00,98,Imagenet-100,VGGm-11,3,0.5,CNN,2,32,NINCO,9.46,126689,100,74.67104484,11,63.2
0.95,1.12,0.466,0.113,0.118,0.660,9.41,90.59,Imagenet-100,VGGm-11,3,0.5,CNN,2,32,ImageNet-R,9.46,126689,100,74.67104484,11,63.2
0.94,0.92,0.658,0.160,0.166,0.680,18.48,81.52,Imagenet-100,VGGm-11,3,0.5,CNN,2,32,CUB,9.46,126689,100,74.67104484,11,63.2
0.78,1.22,0.363,0.084,0.092,0.650,43.84,56.16,Imagenet-100,VGGm-11,3,0.5,CNN,2,32,Aircrafts,9.46,126689,100,74.67104484,11,63.2
0.93,0.17,1.414,0.345,0.357,0.850,13.51,86.49,Imagenet-100,VGGm-11,3,0.5,CNN,2,32,Flowers,9.46,126689,100,74.67104484,11,63.2
0.92,0.39,1.193,0.290,0.301,0.790,12.60,87.4,Imagenet-100,VGGm-11,3,0.5,CNN,2,32,CIFAR100,9.46,126689,100,74.67104484,11,63.2
0.99,0.33,1.249,0.293,0.315,0.810,2.09,97.91,Imagenet-100,VGGm-11,3,0.5,CNN,2,32,Pets,9.46,126689,100,74.67104484,11,63.2
0.97,0,1.924,0.416,0.486,1.000,2.58,97.42,Imagenet-100,VGGm-11,3,0.5,CNN,2,32,STL,9.46,126689,100,74.67104484,11,63.2
0.96,0.16,1.084,0.549,0.568,1.070,3.27,96.73,Imagenet-100,VGGm-11,3,0.5,CNN,2,224,NINCO,9.46,126689,100,74.67104484,11,80.64
0.99,0.87,0.372,0.188,0.195,0.840,0.00,100,Imagenet-100,VGGm-11,3,0.5,CNN,2,224,ImageNet-R,9.46,126689,100,74.67104484,11,80.64
0.98,0.73,0.509,0.260,0.267,0.870,4.44,95.56,Imagenet-100,VGGm-11,3,0.5,CNN,2,224,CUB,9.46,126689,100,74.67104484,11,80.64
0.95,0.8,0.440,0.220,0.231,0.860,0.21,99.79,Imagenet-100,VGGm-11,3,0.5,CNN,2,224,Aircrafts,9.46,126689,100,74.67104484,11,80.64
0.95,0.15,1.086,0.554,0.569,1.070,7.34,92.66,Imagenet-100,VGGm-11,3,0.5,CNN,2,224,Flowers,9.46,126689,100,74.67104484,11,80.64
0.97,0.46,0.783,0.398,0.411,0.950,3.87,96.13,Imagenet-100,VGGm-11,3,0.5,CNN,2,224,CIFAR100,9.46,126689,100,74.67104484,11,80.64
0.99,0.19,1.046,0.520,0.549,1.060,0.00,100,Imagenet-100,VGGm-11,3,0.5,CNN,2,224,Pets,9.46,126689,100,74.67104484,11,80.64
0.97,0,1.314,0.601,0.689,1.170,0.00,100,Imagenet-100,VGGm-11,3,0.5,CNN,2,224,STL,9.46,126689,100,74.67104484,11,80.64
0.62,0.75,1.183,0.154,0.165,0.610,42.55,57.45,Imagenet-100,VGGm-17,3,0.5,CNN,0,32,NINCO,20.08,126689,100,158.49837,17,51.84
0.61,1.62,0.314,0.040,0.044,0.530,55.42,44.58,Imagenet-100,VGGm-17,3,0.5,CNN,0,32,ImageNet-R,20.08,126689,100,158.49837,17,51.84
0.38,1.67,0.258,0.033,0.036,0.520,74.06,25.94,Imagenet-100,VGGm-17,3,0.5,CNN,0,32,CUB,20.08,126689,100,158.49837,17,51.84
0.38,1.78,0.148,0.015,0.021,0.520,84.85,15.15,Imagenet-100,VGGm-17,3,0.5,CNN,0,32,Aircrafts,20.08,126689,100,158.49837,17,51.84
0.35,1.37,0.558,0.071,0.078,0.540,72.33,27.67,Imagenet-100,VGGm-17,3,0.5,CNN,0,32,Flowers,20.08,126689,100,158.49837,17,51.84
0.55,1.03,0.901,0.118,0.126,0.570,52.31,47.69,Imagenet-100,VGGm-17,3,0.5,CNN,0,32,CIFAR100,20.08,126689,100,158.49837,17,51.84
0.88,0.88,1.045,0.129,0.146,0.590,32.94,67.06,Imagenet-100,VGGm-17,3,0.5,CNN,0,32,Pets,20.08,126689,100,158.49837,17,51.84
0.86,0,2.248,0.256,0.313,0.800,16.35,83.65,Imagenet-100,VGGm-17,3,0.5,CNN,0,32,STL,20.08,126689,100,158.49837,17,51.84
0.84,0.46,0.788,0.387,0.404,0.950,24.81,75.19,Imagenet-100,VGGm-17,3,0.5,CNN,0,224,NINCO,20.08,126689,100,158.49837,17,80.04
0.92,0.98,0.273,0.135,0.140,0.820,27.22,72.78,Imagenet-100,VGGm-17,3,0.5,CNN,0,224,ImageNet-R,20.08,126689,100,158.49837,17,80.04
0.69,1.06,0.190,0.092,0.097,0.810,55.78,44.22,Imagenet-100,VGGm-17,3,0.5,CNN,0,224,CUB,20.08,126689,100,158.49837,17,80.04
0.66,1.1,0.148,0.067,0.076,0.810,67.98,32.02,Imagenet-100,VGGm-17,3,0.5,CNN,0,224,Aircrafts,20.08,126689,100,158.49837,17,80.04
0.62,0.84,0.406,0.198,0.208,0.840,63.80,36.2,Imagenet-100,VGGm-17,3,0.5,CNN,0,224,Flowers,20.08,126689,100,158.49837,17,80.04
0.84,0.75,0.504,0.247,0.259,0.860,29.77,70.23,Imagenet-100,VGGm-17,3,0.5,CNN,0,224,CIFAR100,20.08,126689,100,158.49837,17,80.04
0.97,0.42,0.830,0.399,0.425,0.960,15.73,84.27,Imagenet-100,VGGm-17,3,0.5,CNN,0,224,Pets,20.08,126689,100,158.49837,17,80.04
0.95,0.03,1.217,0.537,0.624,1.120,4.27,95.73,Imagenet-100,VGGm-17,3,0.5,CNN,0,224,STL,20.08,126689,100,158.49837,17,80.04
0.85,0.29,1.229,0.333,0.349,0.840,16.47,83.53,Imagenet-100,VGGm-17,3,0.5,CNN,2,32,NINCO,20.08,126689,100,158.49837,17,65.72
0.62,1.24,0.281,0.075,0.080,0.670,44.30,55.7,Imagenet-100,VGGm-17,3,0.5,CNN,2,32,ImageNet-R,20.08,126689,100,158.49837,17,65.72
0.60,1.14,0.378,0.103,0.107,0.680,51.08,48.92,Imagenet-100,VGGm-17,3,0.5,CNN,2,32,CUB,20.08,126689,100,158.49837,17,65.72
0.30,1.34,0.185,0.045,0.052,0.660,68.11,31.89,Imagenet-100,VGGm-17,3,0.5,CNN,2,32,Aircrafts,20.08,126689,100,158.49837,17,65.72
0.64,0.58,0.947,0.258,0.269,0.770,38.04,61.96,Imagenet-100,VGGm-17,3,0.5,CNN,2,32,Flowers,20.08,126689,100,158.49837,17,65.72
0.62,0.66,0.857,0.233,0.243,0.750,34.94,65.06,Imagenet-100,VGGm-17,3,0.5,CNN,2,32,CIFAR100,20.08,126689,100,158.49837,17,65.72
0.97,0.44,1.078,0.284,0.306,0.810,12.37,87.63,Imagenet-100,VGGm-17,3,0.5,CNN,2,32,Pets,20.08,126689,100,158.49837,17,65.72
0.93,0,1.722,0.417,0.489,0.990,6.72,93.28,Imagenet-100,VGGm-17,3,0.5,CNN,2,32,STL,20.08,126689,100,158.49837,17,65.72
0.95,0.19,0.978,0.593,0.614,1.120,1.98,98.02,Imagenet-100,VGGm-17,3,0.5,CNN,2,224,NINCO,20.08,126689,100,158.49837,17,85.62
0.97,0.86,0.309,0.187,0.194,0.890,12.34,87.66,Imagenet-100,VGGm-17,3,0.5,CNN,2,224,ImageNet-R,20.08,126689,100,158.49837,17,85.62
0.94,0.78,0.391,0.238,0.245,0.900,19.06,80.94,Imagenet-100,VGGm-17,3,0.5,CNN,2,224,CUB,20.08,126689,100,158.49837,17,85.62
0.86,0.86,0.308,0.183,0.193,0.890,28.63,71.37,Imagenet-100,VGGm-17,3,0.5,CNN,2,224,Aircrafts,20.08,126689,100,158.49837,17,85.62
0.91,0.29,0.875,0.534,0.549,1.070,16.69,83.31,Imagenet-100,VGGm-17,3,0.5,CNN,2,224,Flowers,20.08,126689,100,158.49837,17,85.62
0.95,0.48,0.688,0.418,0.432,0.990,8.26,91.74,Imagenet-100,VGGm-17,3,0.5,CNN,2,224,CIFAR100,20.08,126689,100,158.49837,17,85.62
0.99,0.22,0.952,0.568,0.598,1.100,0.00,100,Imagenet-100,VGGm-17,3,0.5,CNN,2,224,Pets,20.08,126689,100,158.49837,17,85.62
0.96,0,1.165,0.638,0.731,1.210,0.58,99.42,Imagenet-100,VGGm-17,3,0.5,CNN,2,224,STL,20.08,126689,100,158.49837,17,85.62
0.83,0.81,2.128,0.076,0.084,0.420,50.09,49.91,Imagenet-100,ResNet-18,7,0.25,CNN,0,32,NINCO,11.22,126689,100,88.56333225,18,34.04
0.76,2.45,0.490,0.017,0.019,0.350,63.65,36.35,Imagenet-100,ResNet-18,7,0.25,CNN,0,32,ImageNet-R,11.22,126689,100,88.56333225,18,34.04
0.69,2.55,0.386,0.013,0.015,0.340,80.26,19.74,Imagenet-100,ResNet-18,7,0.25,CNN,0,32,CUB,11.22,126689,100,88.56333225,18,34.04
0.71,2.52,0.419,0.013,0.017,0.340,77.69,22.31,Imagenet-100,ResNet-18,7,0.25,CNN,0,32,Aircrafts,11.22,126689,100,88.56333225,18,34.04
0.68,2.1,0.838,0.029,0.033,0.350,76.43,23.57,Imagenet-100,ResNet-18,7,0.25,CNN,0,32,Flowers,11.22,126689,100,88.56333225,18,34.04
0.77,1.21,1.730,0.063,0.068,0.400,55.67,44.33,Imagenet-100,ResNet-18,7,0.25,CNN,0,32,CIFAR100,11.22,126689,100,88.56333225,18,34.04
0.90,1.48,1.456,0.047,0.057,0.380,41.44,58.56,Imagenet-100,ResNet-18,7,0.25,CNN,0,32,Pets,11.22,126689,100,88.56333225,18,34.04
0.92,0,4.202,0.128,0.166,0.590,24.44,75.56,Imagenet-100,ResNet-18,7,0.25,CNN,0,32,STL,11.22,126689,100,88.56333225,18,34.04
0.97,0.29,1.176,0.358,0.375,0.880,13.65,86.35,Imagenet-100,ResNet-18,7,0.25,CNN,0,224,NINCO,11.22,126689,100,88.56333225,18,68.3
0.97,1.06,0.403,0.123,0.128,0.710,27.51,72.49,Imagenet-100,ResNet-18,7,0.25,CNN,0,224,ImageNet-R,11.22,126689,100,88.56333225,18,68.3
0.96,1.01,0.451,0.138,0.144,0.710,25.02,74.98,Imagenet-100,ResNet-18,7,0.25,CNN,0,224,CUB,11.22,126689,100,88.56333225,18,68.3
0.93,1.09,0.370,0.110,0.118,0.700,33.94,66.06,Imagenet-100,ResNet-18,7,0.25,CNN,0,224,Aircrafts,11.22,126689,100,88.56333225,18,68.3
0.97,0.53,0.937,0.288,0.299,0.810,22.03,77.97,Imagenet-100,ResNet-18,7,0.25,CNN,0,224,Flowers,11.22,126689,100,88.56333225,18,68.3
0.96,0.64,0.827,0.253,0.263,0.780,19.31,80.69,Imagenet-100,ResNet-18,7,0.25,CNN,0,224,CIFAR100,11.22,126689,100,88.56333225,18,68.3
0.98,0.32,1.142,0.340,0.364,0.870,7.65,92.35,Imagenet-100,ResNet-18,7,0.25,CNN,0,224,Pets,11.22,126689,100,88.56333225,18,68.3
0.99,0,1.596,0.434,0.509,1.010,4.54,95.46,Imagenet-100,ResNet-18,7,0.25,CNN,0,224,STL,11.22,126689,100,88.56333225,18,68.3
0.96,0,2.071,0.242,0.255,0.710,16.97,83.03,Imagenet-100,ResNet-18,7,0.25,CNN,2,32,NINCO,11.22,126689,100,88.56333225,18,49.72
0.90,1.48,0.533,0.062,0.065,0.510,36.85,63.15,Imagenet-100,ResNet-18,7,0.25,CNN,2,32,ImageNet-R,11.22,126689,100,88.56333225,18,49.72
0.91,1.22,0.793,0.093,0.097,0.530,41.11,58.89,Imagenet-100,ResNet-18,7,0.25,CNN,2,32,CUB,11.22,126689,100,88.56333225,18,49.72
0.83,1.55,0.465,0.051,0.057,0.510,49.20,50.8,Imagenet-100,ResNet-18,7,0.25,CNN,2,32,Aircrafts,11.22,126689,100,88.56333225,18,49.72
0.92,0.42,1.586,0.186,0.195,0.630,30.80,69.2,Imagenet-100,ResNet-18,7,0.25,CNN,2,32,Flowers,11.22,126689,100,88.56333225,18,49.72
0.91,0.32,1.689,0.199,0.208,0.650,25.86,74.14,Imagenet-100,ResNet-18,7,0.25,CNN,2,32,CIFAR100,11.22,126689,100,88.56333225,18,49.72
0.98,0.54,1.475,0.165,0.181,0.620,14.72,85.28,Imagenet-100,ResNet-18,7,0.25,CNN,2,32,Pets,11.22,126689,100,88.56333225,18,49.72
0.96,0,2.666,0.272,0.328,0.830,9.83,90.17,Imagenet-100,ResNet-18,7,0.25,CNN,2,32,STL,11.22,126689,100,88.56333225,18,49.72
0.98,0.17,1.059,0.553,0.573,1.080,6.97,93.03,Imagenet-100,ResNet-18,7,0.25,CNN,2,224,NINCO,11.22,126689,100,88.56333225,18,81.48
0.98,0.81,0.417,0.219,0.226,0.860,14.16,85.84,Imagenet-100,ResNet-18,7,0.25,CNN,2,224,ImageNet-R,11.22,126689,100,88.56333225,18,81.48
0.97,0.71,0.519,0.273,0.281,0.880,16.90,83.1,Imagenet-100,ResNet-18,7,0.25,CNN,2,224,CUB,11.22,126689,100,88.56333225,18,81.48
0.95,0.91,0.321,0.164,0.174,0.840,27.15,72.85,Imagenet-100,ResNet-18,7,0.25,CNN,2,224,Aircrafts,11.22,126689,100,88.56333225,18,81.48
0.99,0.29,0.942,0.496,0.510,1.030,14.36,85.64,Imagenet-100,ResNet-18,7,0.25,CNN,2,224,Flowers,11.22,126689,100,88.56333225,18,81.48
0.99,0.36,0.863,0.453,0.467,1.000,8.51,91.49,Imagenet-100,ResNet-18,7,0.25,CNN,2,224,CIFAR100,11.22,126689,100,88.56333225,18,81.48
0.97,0.19,1.034,0.531,0.559,1.070,4.15,95.85,Imagenet-100,ResNet-18,7,0.25,CNN,2,224,Pets,11.22,126689,100,88.56333225,18,81.48
0.99,0,1.275,0.601,0.690,1.180,2.18,97.82,Imagenet-100,ResNet-18,7,0.25,CNN,2,224,STL,11.22,126689,100,88.56333225,18,81.48
0.78,0.65,2.627,0.067,0.074,0.390,48.66,51.34,Imagenet-100,ResNet-34,7,0.25,CNN,0,32,NINCO,21.33,126689,100,168.3650514,34,30.48
0.68,2.83,0.447,0.011,0.013,0.310,71.35,28.65,Imagenet-100,ResNet-34,7,0.25,CNN,0,32,ImageNet-R,21.33,126689,100,168.3650514,34,30.48
0.58,2.77,0.509,0.012,0.014,0.310,79.61,20.39,Imagenet-100,ResNet-34,7,0.25,CNN,0,32,CUB,21.33,126689,100,168.3650514,34,30.48
0.62,2.75,0.530,0.012,0.015,0.310,77.99,22.01,Imagenet-100,ResNet-34,7,0.25,CNN,0,32,Aircrafts,21.33,126689,100,168.3650514,34,30.48
0.48,2.26,1.024,0.025,0.029,0.320,78.40,21.6,Imagenet-100,ResNet-34,7,0.25,CNN,0,32,Flowers,21.33,126689,100,168.3650514,34,30.48
0.72,1.29,1.991,0.052,0.056,0.360,57.17,42.83,Imagenet-100,ResNet-34,7,0.25,CNN,0,32,CIFAR100,21.33,126689,100,168.3650514,34,30.48
0.83,1.81,1.467,0.032,0.042,0.330,51.22,48.78,Imagenet-100,ResNet-34,7,0.25,CNN,0,32,Pets,21.33,126689,100,168.3650514,34,30.48
0.87,0,4.910,0.105,0.139,0.550,27.43,72.57,Imagenet-100,ResNet-34,7,0.25,CNN,0,32,STL,21.33,126689,100,168.3650514,34,30.48
0.87,0.32,1.161,0.342,0.358,0.860,20.84,79.16,Imagenet-100,ResNet-34,7,0.25,CNN,0,224,NINCO,21.33,126689,100,168.3650514,34,67.56
0.90,1.15,0.329,0.097,0.101,0.690,39.69,60.31,Imagenet-100,ResNet-34,7,0.25,CNN,0,224,ImageNet-R,21.33,126689,100,168.3650514,34,67.56
0.84,1.11,0.373,0.110,0.115,0.700,48.35,51.65,Imagenet-100,ResNet-34,7,0.25,CNN,0,224,CUB,21.33,126689,100,168.3650514,34,67.56
0.81,1.15,0.329,0.094,0.102,0.690,59.33,40.67,Imagenet-100,ResNet-34,7,0.25,CNN,0,224,Aircrafts,21.33,126689,100,168.3650514,34,67.56
0.74,0.78,0.702,0.207,0.217,0.750,51.98,48.02,Imagenet-100,ResNet-34,7,0.25,CNN,0,224,Flowers,21.33,126689,100,168.3650514,34,67.56
0.79,0.75,0.734,0.216,0.226,0.750,34.28,65.72,Imagenet-100,ResNet-34,7,0.25,CNN,0,224,CIFAR100,21.33,126689,100,168.3650514,34,67.56
0.98,0.39,1.090,0.313,0.336,0.840,16.81,83.19,Imagenet-100,ResNet-34,7,0.25,CNN,0,224,Pets,21.33,126689,100,168.3650514,34,67.56
0.91,0,1.575,0.412,0.486,0.990,9.86,90.14,Imagenet-100,ResNet-34,7,0.25,CNN,0,224,STL,21.33,126689,100,168.3650514,34,67.56
0.90,0,2.153,0.225,0.238,0.690,19.03,80.97,Imagenet-100,ResNet-34,7,0.25,CNN,2,32,NINCO,21.33,126689,100,168.3650514,34,47.98
0.81,1.56,0.526,0.054,0.058,0.490,42.74,57.26,Imagenet-100,ResNet-34,7,0.25,CNN,2,32,ImageNet-R,21.33,126689,100,168.3650514,34,47.98
0.79,1.29,0.794,0.084,0.088,0.510,43.37,56.63,Imagenet-100,ResNet-34,7,0.25,CNN,2,32,CUB,21.33,126689,100,168.3650514,34,47.98
0.41,1.63,0.454,0.044,0.050,0.490,56.98,43.02,Imagenet-100,ResNet-34,7,0.25,CNN,2,32,Aircrafts,21.33,126689,100,168.3650514,34,47.98
0.77,0.44,1.644,0.173,0.182,0.610,31.92,68.08,Imagenet-100,ResNet-34,7,0.25,CNN,2,32,Flowers,21.33,126689,100,168.3650514,34,47.98
0.82,0.37,1.711,0.180,0.189,0.620,28.37,71.63,Imagenet-100,ResNet-34,7,0.25,CNN,2,32,CIFAR100,21.33,126689,100,168.3650514,34,47.98
0.98,0.56,1.523,0.152,0.168,0.590,19.07,80.93,Imagenet-100,ResNet-34,7,0.25,CNN,2,32,Pets,21.33,126689,100,168.3650514,34,47.98
0.92,0,2.870,0.263,0.317,0.820,10.10,89.9,Imagenet-100,ResNet-34,7,0.25,CNN,2,32,STL,21.33,126689,100,168.3650514,34,47.98
0.93,0.17,1.049,0.562,0.582,1.080,8.76,91.24,Imagenet-100,ResNet-34,7,0.25,CNN,2,224,NINCO,21.33,126689,100,168.3650514,34,82.18
0.96,0.87,0.345,0.185,0.191,0.850,28.81,71.19,Imagenet-100,ResNet-34,7,0.25,CNN,2,224,ImageNet-R,21.33,126689,100,168.3650514,34,82.18
0.95,0.76,0.456,0.246,0.253,0.880,31.31,68.69,Imagenet-100,ResNet-34,7,0.25,CNN,2,224,CUB,21.33,126689,100,168.3650514,34,82.18
0.84,0.88,0.335,0.176,0.186,0.850,44.84,55.16,Imagenet-100,ResNet-34,7,0.25,CNN,2,224,Aircrafts,21.33,126689,100,168.3650514,34,82.18
0.87,0.35,0.862,0.465,0.479,1.010,25.84,74.16,Imagenet-100,ResNet-34,7,0.25,CNN,2,224,Flowers,21.33,126689,100,168.3650514,34,82.18
0.94,0.44,0.779,0.419,0.432,0.980,15.16,84.84,Imagenet-100,ResNet-34,7,0.25,CNN,2,224,CIFAR100,21.33,126689,100,168.3650514,34,82.18
0.99,0.22,0.992,0.522,0.551,1.060,8.01,91.99,Imagenet-100,ResNet-34,7,0.25,CNN,2,224,Pets,21.33,126689,100,168.3650514,34,82.18
0.94,0,1.241,0.599,0.689,1.170,3.60,96.4,Imagenet-100,ResNet-34,7,0.25,CNN,2,224,STL,21.33,126689,100,168.3650514,34,82.18
0.94,0,3.602,0.163,0.173,0.600,3.95,96.05,Imagenet-100,ViT-T,8,1,Transformer,0,32,NINCO,5.61,126689,100,44.28166613,12,36.36
0.97,1.9,0.848,0.038,0.041,0.380,10.98,89.02,Imagenet-100,ViT-T,8,1,Transformer,0,32,ImageNet-R,5.61,126689,100,44.28166613,12,36.36
0.97,1.13,1.623,0.074,0.078,0.420,7.38,92.62,Imagenet-100,ViT-T,8,1,Transformer,0,32,CUB,5.61,126689,100,44.28166613,12,36.36
0.96,1.88,0.867,0.037,0.042,0.380,7.51,92.49,Imagenet-100,ViT-T,8,1,Transformer,0,32,Aircrafts,5.61,126689,100,44.28166613,12,36.36
0.94,0,2.981,0.136,0.143,0.540,3.83,96.17,Imagenet-100,ViT-T,8,1,Transformer,0,32,Flowers,5.61,126689,100,44.28166613,12,36.36
0.97,0,3.001,0.137,0.144,0.540,0.58,99.42,Imagenet-100,ViT-T,8,1,Transformer,0,32,CIFAR100,5.61,126689,100,44.28166613,12,36.36
0.99,0.7,2.051,0.086,0.099,0.450,2.64,97.36,Imagenet-100,ViT-T,8,1,Transformer,0,32,Pets,5.61,126689,100,44.28166613,12,36.36
0.96,0,4.586,0.179,0.220,0.710,1.10,98.9,Imagenet-100,ViT-T,8,1,Transformer,0,32,STL,5.61,126689,100,44.28166613,12,36.36
0.75,0.21,1.386,0.326,0.341,0.830,16.78,83.22,Imagenet-100,ViT-T,8,1,Transformer,0,224,NINCO,5.61,126689,100,44.28166613,12,62.66
0.70,1.31,0.287,0.066,0.070,0.640,39.24,60.76,Imagenet-100,ViT-T,8,1,Transformer,0,224,ImageNet-R,5.61,126689,100,44.28166613,12,62.66
0.53,1.18,0.411,0.097,0.101,0.650,56.83,43.17,Imagenet-100,ViT-T,8,1,Transformer,0,224,CUB,5.61,126689,100,44.28166613,12,62.66
0.55,1.36,0.233,0.050,0.057,0.630,57.58,42.42,Imagenet-100,ViT-T,8,1,Transformer,0,224,Aircrafts,5.61,126689,100,44.28166613,12,62.66
0.40,0.92,0.674,0.157,0.166,0.680,59.09,40.91,Imagenet-100,ViT-T,8,1,Transformer,0,224,Flowers,5.61,126689,100,44.28166613,12,62.66
0.61,0.75,0.843,0.198,0.207,0.710,23.80,76.2,Imagenet-100,ViT-T,8,1,Transformer,0,224,CIFAR100,5.61,126689,100,44.28166613,12,62.66
0.90,0.58,1.018,0.230,0.251,0.740,25.15,74.85,Imagenet-100,ViT-T,8,1,Transformer,0,224,Pets,5.61,126689,100,44.28166613,12,62.66
0.83,0,1.663,0.341,0.409,0.910,13.09,86.91,Imagenet-100,ViT-T,8,1,Transformer,0,224,STL,5.61,126689,100,44.28166613,12,62.66
0.96,0,3.907,0.165,0.176,0.610,2.52,97.48,Imagenet-100,ViT-T,8,1,Transformer,2,32,NINCO,5.61,126689,100,44.28166613,12,35.56
0.99,1.9,0.908,0.038,0.041,0.370,2.82,97.18,Imagenet-100,ViT-T,8,1,Transformer,2,32,ImageNet-R,5.61,126689,100,44.28166613,12,35.56
0.99,1.06,1.748,0.075,0.079,0.420,5.74,94.26,Imagenet-100,ViT-T,8,1,Transformer,2,32,CUB,5.61,126689,100,44.28166613,12,35.56
0.95,1.95,0.861,0.034,0.039,0.370,9.25,90.75,Imagenet-100,ViT-T,8,1,Transformer,2,32,Aircrafts,5.61,126689,100,44.28166613,12,35.56
0.97,0,3.280,0.140,0.147,0.550,8.24,91.76,Imagenet-100,ViT-T,8,1,Transformer,2,32,Flowers,5.61,126689,100,44.28166613,12,35.56
0.99,0,3.183,0.136,0.143,0.540,1.18,98.82,Imagenet-100,ViT-T,8,1,Transformer,2,32,CIFAR100,5.61,126689,100,44.28166613,12,35.56
0.99,0.84,1.972,0.077,0.089,0.430,2.14,97.86,Imagenet-100,ViT-T,8,1,Transformer,2,32,Pets,5.61,126689,100,44.28166613,12,35.56
0.99,0,4.759,0.173,0.214,0.700,1.13,98.87,Imagenet-100,ViT-T,8,1,Transformer,2,32,STL,5.61,126689,100,44.28166613,12,35.56
0.95,0,1.776,0.393,0.409,0.910,4.50,95.5,Imagenet-100,ViT-T,8,1,Transformer,2,224,NINCO,5.61,126689,100,44.28166613,12,61.3
0.99,1.17,0.464,0.102,0.107,0.640,6.77,93.23,Imagenet-100,ViT-T,8,1,Transformer,2,224,ImageNet-R,5.61,126689,100,44.28166613,12,61.3
0.98,0.69,0.940,0.210,0.216,0.710,10.62,89.38,Imagenet-100,ViT-T,8,1,Transformer,2,224,CUB,5.61,126689,100,44.28166613,12,61.3
0.98,1.18,0.454,0.097,0.104,0.640,12.75,87.25,Imagenet-100,ViT-T,8,1,Transformer,2,224,Aircrafts,5.61,126689,100,44.28166613,12,61.3
0.98,0.01,1.620,0.361,0.373,0.860,9.48,90.52,Imagenet-100,ViT-T,8,1,Transformer,2,224,Flowers,5.61,126689,100,44.28166613,12,61.3
0.95,0.48,1.155,0.256,0.266,0.750,3.81,96.19,Imagenet-100,ViT-T,8,1,Transformer,2,224,CIFAR100,5.61,126689,100,44.28166613,12,61.3
0.99,0.27,1.366,0.293,0.315,0.800,4.12,95.88,Imagenet-100,ViT-T,8,1,Transformer,2,224,Pets,5.61,126689,100,44.28166613,12,61.3
0.98,0,1.977,0.388,0.455,0.960,1.77,98.23,Imagenet-100,ViT-T,8,1,Transformer,2,224,STL,5.61,126689,100,44.28166613,12,61.3
0.95,0,3.663,0.156,0.167,0.590,4.85,95.15,Imagenet-100,ViT-T+,8,1,Transformer,0,32,NINCO,8.39,126689,100,66.22516556,18,35.7
0.95,1.96,0.838,0.035,0.038,0.370,12.07,87.93,Imagenet-100,ViT-T+,8,1,Transformer,0,32,ImageNet-R,8.39,126689,100,66.22516556,18,35.7
0.93,1.31,1.491,0.064,0.068,0.400,12.34,87.66,Imagenet-100,ViT-T+,8,1,Transformer,0,32,CUB,8.39,126689,100,66.22516556,18,35.7
0.87,1.94,0.862,0.035,0.039,0.370,12.02,87.98,Imagenet-100,ViT-T+,8,1,Transformer,0,32,Aircrafts,8.39,126689,100,66.22516556,18,35.7
0.88,0.01,2.792,0.120,0.127,0.500,9.48,90.52,Imagenet-100,ViT-T+,8,1,Transformer,0,32,Flowers,8.39,126689,100,66.22516556,18,35.7
0.97,0,2.956,0.127,0.135,0.520,2.79,97.21,Imagenet-100,ViT-T+,8,1,Transformer,0,32,CIFAR100,8.39,126689,100,66.22516556,18,35.7
0.97,0.85,1.948,0.077,0.089,0.430,8.17,91.83,Imagenet-100,ViT-T+,8,1,Transformer,0,32,Pets,8.39,126689,100,66.22516556,18,35.7
0.95,0,4.690,0.173,0.213,0.700,2.43,97.57,Imagenet-100,ViT-T+,8,1,Transformer,0,32,STL,8.39,126689,100,66.22516556,18,35.7
0.68,0.25,1.427,0.287,0.301,0.780,23.82,76.18,Imagenet-100,ViT-T+,8,1,Transformer,0,224,NINCO,8.39,126689,100,66.22516556,18,59.54
0.59,1.43,0.245,0.048,0.052,0.600,49.12,50.88,Imagenet-100,ViT-T+,8,1,Transformer,0,224,ImageNet-R,8.39,126689,100,66.22516556,18,59.54
0.46,1.34,0.337,0.067,0.071,0.610,67.77,32.23,Imagenet-100,ViT-T+,8,1,Transformer,0,224,CUB,8.39,126689,100,66.22516556,18,59.54
0.47,1.48,0.199,0.036,0.042,0.600,67.13,32.87,Imagenet-100,ViT-T+,8,1,Transformer,0,224,Aircrafts,8.39,126689,100,66.22516556,18,59.54
0.42,1.07,0.614,0.122,0.130,0.630,65.31,34.69,Imagenet-100,ViT-T+,8,1,Transformer,0,224,Flowers,8.39,126689,100,66.22516556,18,59.54
0.62,0.83,0.852,0.171,0.180,0.670,31.28,68.72,Imagenet-100,ViT-T+,8,1,Transformer,0,224,CIFAR100,8.39,126689,100,66.22516556,18,59.54
0.83,0.73,0.954,0.182,0.201,0.680,34.27,65.73,Imagenet-100,ViT-T+,8,1,Transformer,0,224,Pets,8.39,126689,100,66.22516556,18,59.54
0.74,0,1.687,0.292,0.356,0.840,18.93,81.07,Imagenet-100,ViT-T+,8,1,Transformer,0,224,STL,8.39,126689,100,66.22516556,18,59.54
0.96,0,3.236,0.209,0.221,0.680,2.45,97.55,Imagenet-100,ViT-T+,8,1,Transformer,2,32,NINCO,8.39,126689,100,66.22516556,18,40.88
0.99,1.65,0.793,0.051,0.054,0.430,3.64,96.36,Imagenet-100,ViT-T+,8,1,Transformer,2,32,ImageNet-R,8.39,126689,100,66.22516556,18,40.88
0.98,1,1.445,0.094,0.099,0.470,8.98,91.02,Imagenet-100,ViT-T+,8,1,Transformer,2,32,CUB,8.39,126689,100,66.22516556,18,40.88
0.96,1.76,0.688,0.042,0.047,0.420,11.95,88.05,Imagenet-100,ViT-T+,8,1,Transformer,2,32,Aircrafts,8.39,126689,100,66.22516556,18,40.88
0.97,0,2.546,0.166,0.174,0.590,11.25,88.75,Imagenet-100,ViT-T+,8,1,Transformer,2,32,Flowers,8.39,126689,100,66.22516556,18,40.88
0.99,0,2.649,0.173,0.181,0.600,1.86,98.14,Imagenet-100,ViT-T+,8,1,Transformer,2,32,CIFAR100,8.39,126689,100,66.22516556,18,40.88
1.00,0.65,1.801,0.109,0.123,0.510,2.56,97.44,Imagenet-100,ViT-T+,8,1,Transformer,2,32,Pets,8.39,126689,100,66.22516556,18,40.88
0.99,0,3.860,0.217,0.264,0.760,0.86,99.14,Imagenet-100,ViT-T+,8,1,Transformer,2,32,STL,8.39,126689,100,66.22516556,18,40.88
0.97,0,1.467,0.486,0.505,1.000,1.63,98.37,Imagenet-100,ViT-T+,8,1,Transformer,2,224,NINCO,8.39,126689,100,66.22516556,18,70.06
0.98,1.04,0.383,0.126,0.132,0.730,10.48,89.52,Imagenet-100,ViT-T+,8,1,Transformer,2,224,ImageNet-R,8.39,126689,100,66.22516556,18,70.06
0.98,0.66,0.770,0.257,0.265,0.800,12.51,87.49,Imagenet-100,ViT-T+,8,1,Transformer,2,224,CUB,8.39,126689,100,66.22516556,18,70.06
0.98,1.04,0.389,0.125,0.134,0.730,12.03,87.97,Imagenet-100,ViT-T+,8,1,Transformer,2,224,Aircrafts,8.39,126689,100,66.22516556,18,70.06
0.96,0.12,1.310,0.437,0.451,0.950,10.87,89.13,Imagenet-100,ViT-T+,8,1,Transformer,2,224,Flowers,8.39,126689,100,66.22516556,18,70.06
0.94,0.45,0.973,0.323,0.335,0.850,4.44,95.56,Imagenet-100,ViT-T+,8,1,Transformer,2,224,CIFAR100,8.39,126689,100,66.22516556,18,70.06
0.99,0.18,1.245,0.403,0.428,0.930,2.65,97.35,Imagenet-100,ViT-T+,8,1,Transformer,2,224,Pets,8.39,126689,100,66.22516556,18,70.06
0.98,0,1.610,0.477,0.554,1.060,0.97,99.03,Imagenet-100,ViT-T+,8,1,Transformer,2,224,STL,8.39,126689,100,66.22516556,18,70.06
0.93,0.19,1.434,0.321,0.336,0.820,11.34,88.66,Imagenet-100,VGGmdag-11,3,1,CNN,0,32,NINCO,9.46,126689,100,74.67104484,11,61.66
0.98,1.08,0.541,0.122,0.127,0.650,5.95,94.05,Imagenet-100,VGGmdag-11,3,1,CNN,0,32,ImageNet-R,9.46,126689,100,74.67104484,11,61.66
0.88,1.11,0.514,0.115,0.120,0.650,25.77,74.23,Imagenet-100,VGGmdag-11,3,1,CNN,0,32,CUB,9.46,126689,100,74.67104484,11,61.66
0.91,1.19,0.429,0.093,0.101,0.640,18.32,81.68,Imagenet-100,VGGmdag-11,3,1,CNN,0,32,Aircrafts,9.46,126689,100,74.67104484,11,61.66
0.87,0.48,1.142,0.258,0.268,0.750,27.38,72.62,Imagenet-100,VGGmdag-11,3,1,CNN,0,32,Flowers,9.46,126689,100,74.67104484,11,61.66
0.93,0.37,1.251,0.282,0.293,0.780,10.85,89.15,Imagenet-100,VGGmdag-11,3,1,CNN,0,32,CIFAR100,9.46,126689,100,74.67104484,11,61.66
0.98,0.31,1.308,0.285,0.307,0.790,0.00,100,Imagenet-100,VGGmdag-11,3,1,CNN,0,32,Pets,9.46,126689,100,74.67104484,11,61.66
0.97,0,1.996,0.400,0.468,0.980,2.35,97.65,Imagenet-100,VGGmdag-11,3,1,CNN,0,32,STL,9.46,126689,100,74.67104484,11,61.66
0.95,0.06,1.392,0.437,0.454,0.950,0.00,100,Imagenet-100,VGGmdag-11,3,1,CNN,2,32,NINCO,9.46,126689,100,74.67104484,11,68.86
0.99,0.98,0.469,0.147,0.153,0.720,0.00,100,Imagenet-100,VGGmdag-11,3,1,CNN,2,32,ImageNet-R,9.46,126689,100,74.67104484,11,68.86
0.98,0.77,0.680,0.215,0.222,0.760,0.48,99.52,Imagenet-100,VGGmdag-11,3,1,CNN,2,32,CUB,9.46,126689,100,74.67104484,11,68.86
0.95,0.99,0.460,0.141,0.150,0.720,3.58,96.42,Imagenet-100,VGGmdag-11,3,1,CNN,2,32,Aircrafts,9.46,126689,100,74.67104484,11,68.86
0.94,0.05,1.402,0.444,0.458,0.960,3.14,96.86,Imagenet-100,VGGmdag-11,3,1,CNN,2,32,Flowers,9.46,126689,100,74.67104484,11,68.86
0.95,0.29,1.162,0.367,0.379,0.880,0.92,99.08,Imagenet-100,VGGmdag-11,3,1,CNN,2,32,CIFAR100,9.46,126689,100,74.67104484,11,68.86
0.99,0.26,1.192,0.365,0.389,0.890,0.00,100,Imagenet-100,VGGmdag-11,3,1,CNN,2,32,Pets,9.46,126689,100,74.67104484,11,68.86
0.95,0,1.706,0.481,0.557,1.060,0.00,100,Imagenet-100,VGGmdag-11,3,1,CNN,2,32,STL,9.46,126689,100,74.67104484,11,68.86
0.84,0.51,1.031,0.265,0.280,0.780,29.64,70.36,Imagenet-100,VGGmdag-17,3,1,CNN,0,32,NINCO,20.08,126689,100,158.49837,17,64.74
0.94,1.16,0.389,0.101,0.106,0.670,24.92,75.08,Imagenet-100,VGGmdag-17,3,1,CNN,0,32,ImageNet-R,20.08,126689,100,158.49837,17,64.74
0.76,1.24,0.309,0.079,0.084,0.660,54.10,45.9,Imagenet-100,VGGmdag-17,3,1,CNN,0,32,CUB,20.08,126689,100,158.49837,17,64.74
0.71,1.32,0.220,0.053,0.060,0.650,65.43,34.57,Imagenet-100,VGGmdag-17,3,1,CNN,0,32,Aircrafts,20.08,126689,100,158.49837,17,64.74
0.70,0.92,0.620,0.159,0.168,0.700,58.33,41.67,Imagenet-100,VGGmdag-17,3,1,CNN,0,32,Flowers,20.08,126689,100,158.49837,17,64.74
0.87,0.58,0.966,0.252,0.262,0.760,22.81,77.19,Imagenet-100,VGGmdag-17,3,1,CNN,0,32,CIFAR100,20.08,126689,100,158.49837,17,64.74
0.96,0.57,0.977,0.244,0.265,0.770,19.20,80.8,Imagenet-100,VGGmdag-17,3,1,CNN,0,32,Pets,20.08,126689,100,158.49837,17,64.74
0.95,0,1.753,0.405,0.476,0.980,5.79,94.21,Imagenet-100,VGGmdag-17,3,1,CNN,0,32,STL,20.08,126689,100,158.49837,17,64.74
0.94,0.18,1.202,0.440,0.457,0.960,7.02,92.98,Imagenet-100,VGGmdag-17,3,1,CNN,2,32,NINCO,20.08,126689,100,158.49837,17,72.46
0.96,1.02,0.365,0.133,0.139,0.750,15.76,84.24,Imagenet-100,VGGmdag-17,3,1,CNN,2,32,ImageNet-R,20.08,126689,100,158.49837,17,72.46
0.94,0.85,0.531,0.196,0.202,0.780,16.02,83.98,Imagenet-100,VGGmdag-17,3,1,CNN,2,32,CUB,20.08,126689,100,158.49837,17,72.46
0.78,1.09,0.293,0.103,0.112,0.740,43.19,56.81,Imagenet-100,VGGmdag-17,3,1,CNN,2,32,Aircrafts,20.08,126689,100,158.49837,17,72.46
0.90,0.32,1.062,0.392,0.404,0.910,17.06,82.94,Imagenet-100,VGGmdag-17,3,1,CNN,2,32,Flowers,20.08,126689,100,158.49837,17,72.46
0.94,0.39,0.994,0.366,0.378,0.890,8.87,91.13,Imagenet-100,VGGmdag-17,3,1,CNN,2,32,CIFAR100,20.08,126689,100,158.49837,17,72.46
0.99,0.27,1.107,0.396,0.421,0.930,0.00,100,Imagenet-100,VGGmdag-17,3,1,CNN,2,32,Pets,20.08,126689,100,158.49837,17,72.46
0.97,0,1.565,0.516,0.595,1.100,0.57,99.43,Imagenet-100,VGGmdag-17,3,1,CNN,2,32,STL,20.08,126689,100,158.49837,17,72.46
0.89,0.59,0.994,0.240,0.250,0.750,22.07,77.93,cifar-100,VGGm-11,3,0.5,CNN,0,32,NINCO,9.46,50000,100,189.2,11,63.14
0.89,1.27,0.312,0.070,0.080,0.640,31.22,68.78,cifar-100,VGGm-11,3,0.5,CNN,0,32,ImageNet-R,9.46,50000,100,189.2,11,63.14
0.69,1.31,0.275,0.070,0.070,0.640,54.67,45.33,cifar-100,VGGm-11,3,0.5,CNN,0,32,CUB,9.46,50000,100,189.2,11,63.14
0.81,1.27,0.316,0.070,0.080,0.640,49.88,50.12,cifar-100,VGGm-11,3,0.5,CNN,0,32,Aircrafts,9.46,50000,100,189.2,11,63.14
0.78,0.88,0.708,0.170,0.180,0.690,45.45,54.55,cifar-100,VGGm-11,3,0.5,CNN,0,32,Flowers,9.46,50000,100,189.2,11,63.14
0.92,0,1.708,0.360,0.430,0.930,9.90,90.1,cifar-100,VGGm-11,3,0.5,CNN,0,32,CIFAR10,9.46,50000,100,189.2,11,63.14
0.86,1.05,0.536,0.120,0.130,0.670,34.88,65.12,cifar-100,VGGm-11,3,0.5,CNN,0,32,Pets,9.46,50000,100,189.2,11,63.14
0.91,0.1,1.485,0.310,0.370,0.870,13.12,86.88,cifar-100,VGGm-11,3,0.5,CNN,0,32,STL,9.46,50000,100,189.2,11,63.14
0.97,0.35,1.048,0.370,0.380,0.890,9.99,90.01,cifar-100,VGGm-11,3,0.5,CNN,2,32,NINCO,9.46,50000,100,189.2,11,71.56
0.96,1.06,0.342,0.120,0.130,0.740,16.39,83.61,cifar-100,VGGm-11,3,0.5,CNN,2,32,ImageNet-R,9.46,50000,100,189.2,11,71.56
0.90,1.01,0.388,0.140,0.140,0.740,31.63,68.37,cifar-100,VGGm-11,3,0.5,CNN,2,32,CUB,9.46,50000,100,189.2,11,71.56
0.80,1.12,0.278,0.090,0.100,0.730,46.50,53.5,cifar-100,VGGm-11,3,0.5,CNN,2,32,Aircrafts,9.46,50000,100,189.2,11,71.56
0.88,0.61,0.791,0.280,0.290,0.820,34.55,65.45,cifar-100,VGGm-11,3,0.5,CNN,2,32,Flowers,9.46,50000,100,189.2,11,71.56
0.95,0,1.472,0.460,0.540,1.040,5.88,94.12,cifar-100,VGGm-11,3,0.5,CNN,2,32,CIFAR10,9.46,50000,100,189.2,11,71.56
0.98,0.71,0.692,0.230,0.250,0.800,10.59,89.41,cifar-100,VGGm-11,3,0.5,CNN,2,32,Pets,9.46,50000,100,189.2,11,71.56
0.95,0.08,1.313,0.400,0.480,0.980,8.57,91.43,cifar-100,VGGm-11,3,0.5,CNN,2,32,STL,9.46,50000,100,189.2,11,71.56
0.48,0.85,0.788,0.170,0.180,0.680,38.46,61.54,cifar-100,VGGm-17,3,0.5,CNN,0,32,NINCO,20.08,50000,100,401.6,17,60.92
0.41,1.46,0.177,0.040,0.040,0.610,60.22,39.78,cifar-100,VGGm-17,3,0.5,CNN,0,32,ImageNet-R,20.08,50000,100,401.6,17,60.92
0.14,1.52,0.124,0.020,0.030,0.610,78.59,21.41,cifar-100,VGGm-17,3,0.5,CNN,0,32,CUB,20.08,50000,100,401.6,17,60.92
0.25,1.52,0.121,0.020,0.030,0.610,79.20,20.8,cifar-100,VGGm-17,3,0.5,CNN,0,32,Aircrafts,20.08,50000,100,401.6,17,60.92
0.17,1.23,0.409,0.090,0.090,0.630,68.11,31.89,cifar-100,VGGm-17,3,0.5,CNN,0,32,Flowers,20.08,50000,100,401.6,17,60.92
0.57,0.24,1.403,0.250,0.320,0.800,29.64,70.36,cifar-100,VGGm-17,3,0.5,CNN,0,32,CIFAR10,20.08,50000,100,401.6,17,60.92
0.45,1.31,0.334,0.060,0.080,0.620,55.17,44.83,cifar-100,VGGm-17,3,0.5,CNN,0,32,Pets,20.08,50000,100,401.6,17,60.92
0.59,0.35,1.293,0.230,0.290,0.780,27.69,72.31,cifar-100,VGGm-17,3,0.5,CNN,0,32,STL,20.08,50000,100,401.6,17,60.92
0.63,0.72,0.696,0.230,0.250,0.790,35.88,64.12,cifar-100,VGGm-17,3,0.5,CNN,2,32,NINCO,20.08,50000,100,401.6,17,70.88
0.46,1.25,0.159,0.050,0.060,0.710,59.97,40.03,cifar-100,VGGm-17,3,0.5,CNN,2,32,ImageNet-R,20.08,50000,100,401.6,17,70.88
0.28,1.27,0.145,0.050,0.050,0.710,71.34,28.66,cifar-100,VGGm-17,3,0.5,CNN,2,32,CUB,20.08,50000,100,401.6,17,70.88
0.28,1.29,0.124,0.040,0.040,0.710,74.10,25.9,cifar-100,VGGm-17,3,0.5,CNN,2,32,Aircrafts,20.08,50000,100,401.6,17,70.88
0.36,1.02,0.388,0.130,0.140,0.740,65.69,34.31,cifar-100,VGGm-17,3,0.5,CNN,2,32,Flowers,20.08,50000,100,401.6,17,70.88
0.65,0.22,1.187,0.350,0.420,0.930,24.30,75.7,cifar-100,VGGm-17,3,0.5,CNN,2,32,CIFAR10,20.08,50000,100,401.6,17,70.88
0.58,1.06,0.347,0.100,0.120,0.730,51.52,48.48,cifar-100,VGGm-17,3,0.5,CNN,2,32,Pets,20.08,50000,100,401.6,17,70.88
0.67,0.36,1.050,0.300,0.370,0.880,26.34,73.66,cifar-100,VGGm-17,3,0.5,CNN,2,32,STL,20.08,50000,100,401.6,17,70.88
0.94,0.38,1.050,0.340,0.360,0.870,7.21,92.79,cifar-100,VGGmdag-11,3,1,CNN,0,32,NINCO,9.46,50000,100,189.2,11,70.01
0.98,1.03,0.402,0.130,0.140,0.730,0.59,99.41,cifar-100,VGGmdag-11,3,1,CNN,0,32,ImageNet-R,9.46,50000,100,189.2,11,70.01
0.92,1.01,0.416,0.140,0.140,0.730,15.45,84.55,cifar-100,VGGmdag-11,3,1,CNN,0,32,CUB,9.46,50000,100,189.2,11,70.01
0.94,1.04,0.392,0.130,0.130,0.730,9.09,90.91,cifar-100,VGGmdag-11,3,1,CNN,0,32,Aircrafts,9.46,50000,100,189.2,11,70.01
0.94,0.42,1.012,0.340,0.350,0.860,15.38,84.62,cifar-100,VGGmdag-11,3,1,CNN,0,32,Flowers,9.46,50000,100,189.2,11,70.01
0.96,0,1.611,0.480,0.550,1.060,0.25,99.75,cifar-100,VGGmdag-11,3,1,CNN,0,32,CIFAR10,9.46,50000,100,189.2,11,70.01
0.96,0.73,0.696,0.220,0.240,0.780,5.58,94.42,cifar-100,VGGmdag-11,3,1,CNN,0,32,Pets,9.46,50000,100,189.2,11,70.01
0.97,0,1.445,0.420,0.500,1.000,1.68,98.32,cifar-100,VGGmdag-11,3,1,CNN,0,32,STL,9.46,50000,100,189.2,11,70.01
0.96,0.28,1.149,0.380,0.400,0.900,4.73,95.27,cifar-100,VGGmdag-11,3,1,CNN,2,32,NINCO,9.46,50000,100,189.2,11,70.11
0.99,1,0.422,0.140,0.150,0.730,0.00,100,cifar-100,VGGmdag-11,3,1,CNN,2,32,ImageNet-R,9.46,50000,100,189.2,11,70.11
0.95,0.94,0.484,0.160,0.170,0.740,15.24,84.76,cifar-100,VGGmdag-11,3,1,CNN,2,32,CUB,9.46,50000,100,189.2,11,70.11
0.94,1.03,0.396,0.130,0.140,0.730,9.61,90.39,cifar-100,VGGmdag-11,3,1,CNN,2,32,Aircrafts,9.46,50000,100,189.2,11,70.11
0.97,0.3,1.123,0.370,0.390,0.890,12.58,87.42,cifar-100,VGGmdag-11,3,1,CNN,2,32,Flowers,9.46,50000,100,189.2,11,70.11
0.96,0,1.621,0.480,0.560,1.060,2.23,97.77,cifar-100,VGGmdag-11,3,1,CNN,2,32,CIFAR10,9.46,50000,100,189.2,11,70.11
0.97,0.67,0.756,0.240,0.260,0.790,10.92,89.08,cifar-100,VGGmdag-11,3,1,CNN,2,32,Pets,9.46,50000,100,189.2,11,70.11
0.97,0,1.461,0.430,0.500,1.000,3.12,96.88,cifar-100,VGGmdag-11,3,1,CNN,2,32,STL,9.46,50000,100,189.2,11,70.11
0.92,0.45,0.993,0.310,0.330,0.840,12.70,87.3,cifar-100,VGGmdag-17,3,1,CNN,0,32,NINCO,20.08,50000,100,401.6,17,69.05
0.98,1.09,0.357,0.110,0.120,0.710,4.31,95.69,cifar-100,VGGmdag-17,3,1,CNN,0,32,ImageNet-R,20.08,50000,100,401.6,17,69.05
0.89,1.09,0.360,0.110,0.120,0.710,27.05,72.95,cifar-100,VGGmdag-17,3,1,CNN,0,32,CUB,20.08,50000,100,401.6,17,69.05
0.85,1.11,0.335,0.100,0.110,0.710,29.12,70.88,cifar-100,VGGmdag-17,3,1,CNN,0,32,Aircrafts,20.08,50000,100,401.6,17,69.05
0.86,0.63,0.816,0.260,0.270,0.790,28.73,71.27,cifar-100,VGGmdag-17,3,1,CNN,0,32,Flowers,20.08,50000,100,401.6,17,69.05
0.93,0,1.580,0.440,0.520,1.020,3.15,96.85,cifar-100,VGGmdag-17,3,1,CNN,0,32,CIFAR10,20.08,50000,100,401.6,17,69.05
0.94,0.83,0.613,0.180,0.200,0.750,15.18,84.82,cifar-100,VGGmdag-17,3,1,CNN,0,32,Pets,20.08,50000,100,401.6,17,69.05
0.93,0.03,1.418,0.390,0.470,0.970,3.34,96.66,cifar-100,VGGmdag-17,3,1,CNN,0,32,STL,20.08,50000,100,401.6,17,69.05
0.89,0.53,0.881,0.300,0.310,0.840,23.98,76.02,cifar-100,VGGmdag-17,3,1,CNN,2,32,NINCO,20.08,50000,100,401.6,17,70.84
0.95,1.09,0.324,0.110,0.120,0.730,24.83,75.17,cifar-100,VGGmdag-17,3,1,CNN,2,32,ImageNet-R,20.08,50000,100,401.6,17,70.84
0.84,1.11,0.300,0.100,0.110,0.720,48.49,51.51,cifar-100,VGGmdag-17,3,1,CNN,2,32,CUB,20.08,50000,100,401.6,17,70.84
0.75,1.21,0.198,0.060,0.070,0.720,58.24,41.76,cifar-100,VGGmdag-17,3,1,CNN,2,32,Aircrafts,20.08,50000,100,401.6,17,70.84
0.80,0.84,0.576,0.200,0.200,0.770,52.65,47.35,cifar-100,VGGmdag-17,3,1,CNN,2,32,Flowers,20.08,50000,100,401.6,17,70.84
0.93,0,1.466,0.440,0.520,1.020,10.36,89.64,cifar-100,VGGmdag-17,3,1,CNN,2,32,CIFAR10,20.08,50000,100,401.6,17,70.84
0.91,0.83,0.578,0.180,0.210,0.770,31.02,68.98,cifar-100,VGGmdag-17,3,1,CNN,2,32,Pets,20.08,50000,100,401.6,17,70.84
0.91,0.11,1.298,0.390,0.460,0.960,12.97,87.03,cifar-100,VGGmdag-17,3,1,CNN,2,32,STL,20.08,50000,100,401.6,17,70.84
0.34,0.1,0.017,0.090,0.120,0.890,70.10,29.9,cifar-10,VGGm-11,3,0.5,CNN,0,32,NINCO,9.46,50000,10,189.2,11,88.05
0.49,0.11,0.006,0.030,0.040,0.880,72.25,27.75,cifar-10,VGGm-11,3,0.5,CNN,0,32,ImageNet-R,9.46,50000,10,189.2,11,88.05
0.29,0.11,0.003,0.010,0.020,0.880,87.57,12.43,cifar-10,VGGm-11,3,0.5,CNN,0,32,CUB,9.46,50000,10,189.2,11,88.05
0.44,0.11,0.004,0.010,0.020,0.880,87.09,12.91,cifar-10,VGGm-11,3,0.5,CNN,0,32,Aircrafts,9.46,50000,10,189.2,11,88.05
0.32,0.1,0.011,0.060,0.080,0.880,79.87,20.13,cifar-10,VGGm-11,3,0.5,CNN,0,32,Flowers,9.46,50000,10,189.2,11,88.05
0.55,0.09,0.020,0.120,0.140,0.890,65.54,34.46,cifar-10,VGGm-11,3,0.5,CNN,0,32,CIFAR100,9.46,50000,10,189.2,11,88.05
0.55,0.1,0.013,0.060,0.090,0.890,66.45,33.55,cifar-10,VGGm-11,3,0.5,CNN,0,32,Pets,9.46,50000,10,189.2,11,88.05
0.98,0.03,0.086,0.440,0.590,1.110,6.44,93.56,cifar-10,VGGm-11,3,0.5,CNN,0,32,STL,9.46,50000,10,189.2,11,88.05
0.45,0.09,0.020,0.130,0.160,0.950,64.81,35.19,cifar-10,VGGm-11,3,0.5,CNN,2,32,NINCO,9.46,50000,10,189.2,11,93.03
0.63,0.1,0.007,0.050,0.060,0.930,67.45,32.55,cifar-10,VGGm-11,3,0.5,CNN,2,32,ImageNet-R,9.46,50000,10,189.2,11,93.03
0.34,0.1,0.004,0.030,0.040,0.930,82.89,17.11,cifar-10,VGGm-11,3,0.5,CNN,2,32,CUB,9.46,50000,10,189.2,11,93.03
0.48,0.1,0.006,0.030,0.050,0.930,80.61,19.39,cifar-10,VGGm-11,3,0.5,CNN,2,32,Aircrafts,9.46,50000,10,189.2,11,93.03
0.36,0.1,0.012,0.080,0.100,0.940,78.40,21.6,cifar-10,VGGm-11,3,0.5,CNN,2,32,Flowers,9.46,50000,10,189.2,11,93.03
0.64,0.08,0.025,0.170,0.200,0.960,57.54,42.46,cifar-10,VGGm-11,3,0.5,CNN,2,32,CIFAR100,9.46,50000,10,189.2,11,93.03
0.75,0.09,0.018,0.110,0.150,0.940,55.97,44.03,cifar-10,VGGm-11,3,0.5,CNN,2,32,Pets,9.46,50000,10,189.2,11,93.03
0.99,0.02,0.086,0.540,0.700,1.190,4.06,95.94,cifar-10,VGGm-11,3,0.5,CNN,2,32,STL,9.46,50000,10,189.2,11,93.03
-0.06,0.1,0.013,0.070,0.090,0.890,77.35,22.65,cifar-10,VGGm-17,3,0.5,CNN,0,32,NINCO,20.08,50000,10,401.6,17,88.22
0.16,0.11,0.004,0.020,0.030,0.880,81.39,18.61,cifar-10,VGGm-17,3,0.5,CNN,0,32,ImageNet-R,20.08,50000,10,401.6,17,88.22
-0.08,0.11,0.002,0.010,0.010,0.880,92.54,7.46,cifar-10,VGGm-17,3,0.5,CNN,0,32,CUB,20.08,50000,10,401.6,17,88.22
0.12,0.11,0.002,0.010,0.020,0.880,91.22,8.78,cifar-10,VGGm-17,3,0.5,CNN,0,32,Aircrafts,20.08,50000,10,401.6,17,88.22
-0.07,0.11,0.007,0.030,0.050,0.880,87.70,12.3,cifar-10,VGGm-17,3,0.5,CNN,0,32,Flowers,20.08,50000,10,401.6,17,88.22
0.08,0.11,0.008,0.040,0.060,0.880,86.27,13.73,cifar-10,VGGm-17,3,0.5,CNN,0,32,CIFAR100,20.08,50000,10,401.6,17,88.22
0.15,0.1,0.010,0.040,0.070,0.890,72.04,27.96,cifar-10,VGGm-17,3,0.5,CNN,0,32,Pets,20.08,50000,10,401.6,17,88.22
0.97,0.03,0.086,0.450,0.590,1.110,7.11,92.89,cifar-10,VGGm-17,3,0.5,CNN,0,32,STL,20.08,50000,10,401.6,17,88.22
-0.04,0.1,0.013,0.080,0.100,0.930,78.36,21.64,cifar-10,VGGm-17,3,0.5,CNN,2,32,NINCO,20.08,50000,10,401.6,17,92.72
0.18,0.1,0.004,0.020,0.030,0.930,80.78,19.22,cifar-10,VGGm-17,3,0.5,CNN,2,32,ImageNet-R,20.08,50000,10,401.6,17,92.72
-0.07,0.11,0.002,0.010,0.020,0.930,92.91,7.09,cifar-10,VGGm-17,3,0.5,CNN,2,32,CUB,20.08,50000,10,401.6,17,92.72
0.04,0.11,0.002,0.010,0.020,0.930,92.33,7.67,cifar-10,VGGm-17,3,0.5,CNN,2,32,Aircrafts,20.08,50000,10,401.6,17,92.72
-0.09,0.1,0.007,0.040,0.060,0.930,86.71,13.29,cifar-10,VGGm-17,3,0.5,CNN,2,32,Flowers,20.08,50000,10,401.6,17,92.72
0.07,0.1,0.009,0.050,0.070,0.930,85.65,14.35,cifar-10,VGGm-17,3,0.5,CNN,2,32,CIFAR100,20.08,50000,10,401.6,17,92.72
0.20,0.1,0.008,0.040,0.070,0.930,77.74,22.26,cifar-10,VGGm-17,3,0.5,CNN,2,32,Pets,20.08,50000,10,401.6,17,92.72
0.98,0.02,0.084,0.510,0.670,1.170,7.31,92.69,cifar-10,VGGm-17,3,0.5,CNN,2,32,STL,20.08,50000,10,401.6,17,92.72
0.83,0.44,1.091,0.288,0.303,0.800,21.78,78.22,Imagenet-100,VGGm-17,3,0.5,CNN,0,64,NINCO,20.08,126689,100,158.49837,17,65.24
0.89,1.18,0.348,0.092,0.097,0.670,32.03,67.97,Imagenet-100,VGGm-17,3,0.5,CNN,0,64,ImageNet-R,20.08,126689,100,158.49837,17,65.24
0.75,1.19,0.342,0.090,0.095,0.670,48.72,51.28,Imagenet-100,VGGm-17,3,0.5,CNN,0,64,CUB,20.08,126689,100,158.49837,17,65.24
0.67,1.29,0.241,0.060,0.067,0.660,65.35,34.65,Imagenet-100,VGGm-17,3,0.5,CNN,0,64,Aircrafts,20.08,126689,100,158.49837,17,65.24
0.68,0.82,0.714,0.189,0.198,0.720,47.99,52.01,Imagenet-100,VGGm-17,3,0.5,CNN,0,64,Flowers,20.08,126689,100,158.49837,17,65.24
0.79,0.78,0.754,0.200,0.209,0.730,30.80,69.2,Imagenet-100,VGGm-17,3,0.5,CNN,0,64,CIFAR100,20.08,126689,100,158.49837,17,65.24
0.96,0.43,1.105,0.285,0.307,0.800,11.76,88.24,Imagenet-100,VGGm-17,3,0.5,CNN,0,64,Pets,20.08,126689,100,158.49837,17,65.24
0.94,0,1.747,0.414,0.485,0.990,6.21,93.79,Imagenet-100,VGGm-17,3,0.5,CNN,0,64,STL,20.08,126689,100,158.49837,17,65.24
0.91,0.27,1.027,0.449,0.467,0.980,10.53,89.47,Imagenet-100,VGGm-17,3,0.5,CNN,2,64,NINCO,20.08,126689,100,158.49837,17,76.88
0.86,1.03,0.267,0.116,0.121,0.780,35.14,64.86,Imagenet-100,VGGm-17,3,0.5,CNN,2,64,ImageNet-R,20.08,126689,100,158.49837,17,76.88
0.85,0.94,0.362,0.159,0.165,0.800,36.15,63.85,Imagenet-100,VGGm-17,3,0.5,CNN,2,64,CUB,20.08,126689,100,158.49837,17,76.88
0.63,1.09,0.207,0.085,0.094,0.780,60.84,39.16,Imagenet-100,VGGm-17,3,0.5,CNN,2,64,Aircrafts,20.08,126689,100,158.49837,17,76.88
0.79,0.5,0.803,0.353,0.365,0.900,33.43,66.57,Imagenet-100,VGGm-17,3,0.5,CNN,2,64,Flowers,20.08,126689,100,158.49837,17,76.88
0.86,0.58,0.717,0.314,0.326,0.880,23.48,76.52,Imagenet-100,VGGm-17,3,0.5,CNN,2,64,CIFAR100,20.08,126689,100,158.49837,17,76.88
0.98,0.28,1.025,0.439,0.466,0.980,7.07,92.93,Imagenet-100,VGGm-17,3,0.5,CNN,2,64,Pets,20.08,126689,100,158.49837,17,76.88
0.95,0,1.390,0.548,0.632,1.130,3.59,96.41,Imagenet-100,VGGm-17,3,0.5,CNN,2,64,STL,20.08,126689,100,158.49837,17,76.88
0.91,0.34,1.000,0.396,0.413,0.930,15.54,84.46,Imagenet-100,VGGm-17,3,0.5,CNN,0,128,NINCO,20.08,126689,100,158.49837,17,74.46
0.93,1.03,0.310,0.122,0.128,0.760,27.87,72.13,Imagenet-100,VGGm-17,3,0.5,CNN,0,128,ImageNet-R,20.08,126689,100,158.49837,17,74.46
0.80,1.05,0.296,0.117,0.122,0.760,42.65,57.35,Imagenet-100,VGGm-17,3,0.5,CNN,0,128,CUB,20.08,126689,100,158.49837,17,74.46
0.69,1.16,0.186,0.068,0.077,0.750,68.06,31.94,Imagenet-100,VGGm-17,3,0.5,CNN,0,128,Aircrafts,20.08,126689,100,158.49837,17,74.46
0.71,0.78,0.566,0.223,0.234,0.810,53.49,46.51,Imagenet-100,VGGm-17,3,0.5,CNN,0,128,Flowers,20.08,126689,100,158.49837,17,74.46
0.87,0.69,0.653,0.259,0.270,0.830,23.49,76.51,Imagenet-100,VGGm-17,3,0.5,CNN,0,128,CIFAR100,20.08,126689,100,158.49837,17,74.46
0.98,0.34,0.999,0.387,0.412,0.930,10.52,89.48,Imagenet-100,VGGm-17,3,0.5,CNN,0,128,Pets,20.08,126689,100,158.49837,17,74.46
0.95,0,1.382,0.489,0.571,1.070,6.51,93.49,Imagenet-100,VGGm-17,3,0.5,CNN,0,128,STL,20.08,126689,100,158.49837,17,74.46
0.93,0.26,0.940,0.527,0.547,1.060,8.33,91.67,Imagenet-100,VGGm-17,3,0.5,CNN,2,128,NINCO,20.08,126689,100,158.49837,17,83.48
0.95,0.91,0.291,0.163,0.169,0.860,23.90,76.1,Imagenet-100,VGGm-17,3,0.5,CNN,2,128,ImageNet-R,20.08,126689,100,158.49837,17,83.48
0.91,0.82,0.373,0.210,0.217,0.870,27.80,72.2,Imagenet-100,VGGm-17,3,0.5,CNN,2,128,CUB,20.08,126689,100,158.49837,17,83.48
0.77,0.96,0.238,0.129,0.139,0.850,44.87,55.13,Imagenet-100,VGGm-17,3,0.5,CNN,2,128,Aircrafts,20.08,126689,100,158.49837,17,83.48
0.86,0.42,0.779,0.440,0.453,1.000,27.20,72.8,Imagenet-100,VGGm-17,3,0.5,CNN,2,128,Flowers,20.08,126689,100,158.49837,17,83.48
0.93,0.51,0.684,0.385,0.398,0.960,12.75,87.25,Imagenet-100,VGGm-17,3,0.5,CNN,2,128,CIFAR100,20.08,126689,100,158.49837,17,83.48
0.99,0.23,0.972,0.536,0.565,1.070,3.35,96.65,Imagenet-100,VGGm-17,3,0.5,CNN,2,128,Pets,20.08,126689,100,158.49837,17,83.48
0.95,0,1.204,0.609,0.700,1.180,3.43,96.57,Imagenet-100,VGGm-17,3,0.5,CNN,2,128,STL,20.08,126689,100,158.49837,17,83.48
0.60,0.21,1.905,0.190,0.202,0.640,24.96,75.04,Imagenet-100,ViT-T+,8,1,Transformer,0,64,NINCO,8.39,126689,100,66.22516556,18,47.34
0.58,1.78,0.331,0.032,0.035,0.480,48.91,51.09,Imagenet-100,ViT-T+,8,1,Transformer,0,64,ImageNet-R,8.39,126689,100,66.22516556,18,47.34
0.39,1.69,0.419,0.041,0.044,0.480,68.17,31.83,Imagenet-100,ViT-T+,8,1,Transformer,0,64,CUB,8.39,126689,100,66.22516556,18,47.34
0.34,1.89,0.222,0.019,0.024,0.480,65.42,34.58,Imagenet-100,ViT-T+,8,1,Transformer,0,64,Aircrafts,8.39,126689,100,66.22516556,18,47.34
0.24,1.46,0.647,0.063,0.069,0.500,71.70,28.3,Imagenet-100,ViT-T+,8,1,Transformer,0,64,Flowers,8.39,126689,100,66.22516556,18,47.34
0.55,0.83,1.287,0.129,0.137,0.550,31.97,68.03,Imagenet-100,ViT-T+,8,1,Transformer,0,64,CIFAR100,8.39,126689,100,66.22516556,18,47.34
0.80,1.03,1.081,0.100,0.115,0.530,37.44,62.56,Imagenet-100,ViT-T+,8,1,Transformer,0,64,Pets,8.39,126689,100,66.22516556,18,47.34
0.77,0,2.497,0.213,0.265,0.730,17.69,82.31,Imagenet-100,ViT-T+,8,1,Transformer,0,64,STL,8.39,126689,100,66.22516556,18,47.34
0.93,0,1.952,0.339,0.354,0.840,2.65,97.35,Imagenet-100,ViT-T+,8,1,Transformer,2,64,NINCO,8.39,126689,100,66.22516556,18,56.58
0.97,1.24,0.526,0.091,0.095,0.590,12.84,87.16,Imagenet-100,ViT-T+,8,1,Transformer,2,64,ImageNet-R,8.39,126689,100,66.22516556,18,56.58
0.98,0.73,1.034,0.181,0.187,0.660,10.50,89.5,Imagenet-100,ViT-T+,8,1,Transformer,2,64,CUB,8.39,126689,100,66.22516556,18,56.58
0.96,1.33,0.440,0.073,0.080,0.580,16.67,83.33,Imagenet-100,ViT-T+,8,1,Transformer,2,64,Aircrafts,8.39,126689,100,66.22516556,18,56.58
0.96,0.09,1.678,0.293,0.304,0.780,10.75,89.25,Imagenet-100,ViT-T+,8,1,Transformer,2,64,Flowers,8.39,126689,100,66.22516556,18,56.58
0.98,0.24,1.532,0.267,0.277,0.750,2.95,97.05,Imagenet-100,ViT-T+,8,1,Transformer,2,64,CIFAR100,8.39,126689,100,66.22516556,18,56.58
0.99,0.3,1.469,0.246,0.266,0.740,2.60,97.4,Imagenet-100,ViT-T+,8,1,Transformer,2,64,Pets,8.39,126689,100,66.22516556,18,56.58
0.99,0,2.350,0.363,0.426,0.940,0.66,99.34,Imagenet-100,ViT-T+,8,1,Transformer,2,64,STL,8.39,126689,100,66.22516556,18,56.58
0.67,0.34,1.413,0.247,0.260,0.730,27.20,72.8,Imagenet-100,ViT-T+,8,1,Transformer,0,128,NINCO,8.39,126689,100,66.22516556,18,56.9
0.58,1.48,0.282,0.048,0.052,0.580,46.11,53.89,Imagenet-100,ViT-T+,8,1,Transformer,0,128,ImageNet-R,8.39,126689,100,66.22516556,18,56.9
0.50,1.38,0.382,0.066,0.070,0.580,64.55,35.45,Imagenet-100,ViT-T+,8,1,Transformer,0,128,CUB,8.39,126689,100,66.22516556,18,56.9
0.46,1.56,0.201,0.031,0.037,0.570,64.07,35.93,Imagenet-100,ViT-T+,8,1,Transformer,0,128,Aircrafts,8.39,126689,100,66.22516556,18,56.9
0.42,1.14,0.615,0.106,0.113,0.600,65.77,34.23,Imagenet-100,ViT-T+,8,1,Transformer,0,128,Flowers,8.39,126689,100,66.22516556,18,56.9
0.60,0.8,0.957,0.168,0.176,0.650,29.44,70.56,Imagenet-100,ViT-T+,8,1,Transformer,0,128,CIFAR100,8.39,126689,100,66.22516556,18,56.9
0.80,0.83,0.924,0.152,0.170,0.640,36.09,63.91,Imagenet-100,ViT-T+,8,1,Transformer,0,128,Pets,8.39,126689,100,66.22516556,18,56.9
0.80,0,1.878,0.284,0.346,0.830,16.48,83.52,Imagenet-100,ViT-T+,8,1,Transformer,0,128,STL,8.39,126689,100,66.22516556,18,56.9
0.96,0,1.588,0.444,0.461,0.960,1.68,98.32,Imagenet-100,ViT-T+,8,1,Transformer,2,128,NINCO,8.39,126689,100,66.22516556,18,66.22
0.98,1.09,0.424,0.118,0.123,0.690,8.75,91.25,Imagenet-100,ViT-T+,8,1,Transformer,2,128,ImageNet-R,8.39,126689,100,66.22516556,18,66.22
0.98,0.66,0.854,0.241,0.248,0.760,11.11,88.89,Imagenet-100,ViT-T+,8,1,Transformer,2,128,CUB,8.39,126689,100,66.22516556,18,66.22
0.98,1.11,0.404,0.109,0.117,0.690,10.32,89.68,Imagenet-100,ViT-T+,8,1,Transformer,2,128,Aircrafts,8.39,126689,100,66.22516556,18,66.22
0.97,0.07,1.440,0.405,0.418,0.910,8.26,91.74,Imagenet-100,ViT-T+,8,1,Transformer,2,128,Flowers,8.39,126689,100,66.22516556,18,66.22
0.95,0.41,1.096,0.307,0.318,0.820,4.51,95.49,Imagenet-100,ViT-T+,8,1,Transformer,2,128,CIFAR100,8.39,126689,100,66.22516556,18,66.22
0.99,0.22,1.285,0.350,0.373,0.870,1.71,98.29,Imagenet-100,ViT-T+,8,1,Transformer,2,128,Pets,8.39,126689,100,66.22516556,18,66.22
0.98,0,1.808,0.452,0.525,1.030,1.20,98.8,Imagenet-100,ViT-T+,8,1,Transformer,2,128,STL,8.39,126689,100,66.22516556,18,66.22
0.91,0.46,1.735,0.154,0.165,0.580,37.04,62.96,Imagenet-100,ResNet-18,7,0.25,CNN,0,64,NINCO,11.22,126689,100,88.56333225,18,45.64
0.86,1.75,0.443,0.039,0.042,0.470,53.48,46.52,Imagenet-100,ResNet-18,7,0.25,CNN,0,64,ImageNet-R,11.22,126689,100,88.56333225,18,45.64
0.81,1.76,0.435,0.038,0.041,0.470,68.69,31.31,Imagenet-100,ResNet-18,7,0.25,CNN,0,64,CUB,11.22,126689,100,88.56333225,18,45.64
0.82,1.71,0.478,0.040,0.045,0.470,63.76,36.24,Imagenet-100,ResNet-18,7,0.25,CNN,0,64,Aircrafts,11.22,126689,100,88.56333225,18,45.64
0.78,1.43,0.762,0.067,0.072,0.480,68.79,31.21,Imagenet-100,ResNet-18,7,0.25,CNN,0,64,Flowers,11.22,126689,100,88.56333225,18,45.64
0.84,0.96,1.228,0.110,0.117,0.520,46.91,53.09,Imagenet-100,ResNet-18,7,0.25,CNN,0,64,CIFAR100,11.22,126689,100,88.56333225,18,45.64
0.93,0.91,1.282,0.107,0.122,0.530,33.11,66.89,Imagenet-100,ResNet-18,7,0.25,CNN,0,64,Pets,11.22,126689,100,88.56333225,18,45.64
0.97,0,2.910,0.226,0.277,0.760,16.21,83.79,Imagenet-100,ResNet-18,7,0.25,CNN,0,64,STL,11.22,126689,100,88.56333225,18,45.64
0.97,0.11,1.392,0.391,0.408,0.900,9.18,90.82,Imagenet-100,ResNet-18,7,0.25,CNN,2,64,NINCO,11.22,126689,100,88.56333225,18,66.42
0.96,1.05,0.451,0.127,0.132,0.690,25.25,74.75,Imagenet-100,ResNet-18,7,0.25,CNN,2,64,ImageNet-R,11.22,126689,100,88.56333225,18,66.42
0.95,0.92,0.586,0.166,0.172,0.710,32.02,67.98,Imagenet-100,ResNet-18,7,0.25,CNN,2,64,CUB,11.22,126689,100,88.56333225,18,66.42
0.92,1.12,0.384,0.104,0.113,0.690,38.05,61.95,Imagenet-100,ResNet-18,7,0.25,CNN,2,64,Aircrafts,11.22,126689,100,88.56333225,18,66.42
0.95,0.44,1.069,0.302,0.313,0.810,28.53,71.47,Imagenet-100,ResNet-18,7,0.25,CNN,2,64,Flowers,11.22,126689,100,88.56333225,18,66.42
0.94,0.46,1.043,0.294,0.306,0.810,21.19,78.81,Imagenet-100,ResNet-18,7,0.25,CNN,2,64,CIFAR100,11.22,126689,100,88.56333225,18,66.42
0.98,0.25,1.258,0.345,0.369,0.870,3.78,96.22,Imagenet-100,ResNet-18,7,0.25,CNN,2,64,Pets,11.22,126689,100,88.56333225,18,66.42
0.98,0,1.780,0.448,0.522,1.030,3.72,96.28,Imagenet-100,ResNet-18,7,0.25,CNN,2,64,STL,11.22,126689,100,88.56333225,18,66.42
0.97,0.23,1.461,0.287,0.302,0.780,18.03,81.97,Imagenet-100,ResNet-18,7,0.25,CNN,0,128,NINCO,11.22,126689,100,88.56333225,18,59.1
0.96,1.19,0.502,0.099,0.104,0.620,28.09,71.91,Imagenet-100,ResNet-18,7,0.25,CNN,0,128,ImageNet-R,11.22,126689,100,88.56333225,18,59.1
0.94,1.13,0.565,0.112,0.117,0.620,35.11,64.89,Imagenet-100,ResNet-18,7,0.25,CNN,0,128,CUB,11.22,126689,100,88.56333225,18,59.1
0.91,1.17,0.517,0.099,0.107,0.620,38.76,61.24,Imagenet-100,ResNet-18,7,0.25,CNN,0,128,Aircrafts,11.22,126689,100,88.56333225,18,59.1
0.94,0.66,1.030,0.203,0.213,0.690,36.28,63.72,Imagenet-100,ResNet-18,7,0.25,CNN,0,128,Flowers,11.22,126689,100,88.56333225,18,59.1
0.96,0.61,1.079,0.213,0.223,0.700,23.25,76.75,Imagenet-100,ResNet-18,7,0.25,CNN,0,128,CIFAR100,11.22,126689,100,88.56333225,18,59.1
0.97,0.36,1.331,0.254,0.275,0.750,11.83,88.17,Imagenet-100,ResNet-18,7,0.25,CNN,0,128,Pets,11.22,126689,100,88.56333225,18,59.1
0.99,0,2.079,0.364,0.429,0.940,6.03,93.97,Imagenet-100,ResNet-18,7,0.25,CNN,0,128,STL,11.22,126689,100,88.56333225,18,59.1
0.98,0.15,1.140,0.516,0.535,1.040,5.81,94.19,Imagenet-100,ResNet-18,7,0.25,CNN,2,128,NINCO,11.22,126689,100,88.56333225,18,77.72
0.98,0.86,0.424,0.193,0.199,0.820,15.65,84.35,Imagenet-100,ResNet-18,7,0.25,CNN,2,128,ImageNet-R,11.22,126689,100,88.56333225,18,77.72
0.97,0.74,0.546,0.249,0.256,0.840,20.17,79.83,Imagenet-100,ResNet-18,7,0.25,CNN,2,128,CUB,11.22,126689,100,88.56333225,18,77.72
0.95,0.93,0.355,0.157,0.167,0.810,28.28,71.72,Imagenet-100,ResNet-18,7,0.25,CNN,2,128,Aircrafts,11.22,126689,100,88.56333225,18,77.72
0.98,0.3,0.987,0.450,0.463,0.980,12.89,87.11,Imagenet-100,ResNet-18,7,0.25,CNN,2,128,Flowers,11.22,126689,100,88.56333225,18,77.72
0.98,0.37,0.914,0.416,0.429,0.950,8.23,91.77,Imagenet-100,ResNet-18,7,0.25,CNN,2,128,CIFAR100,11.22,126689,100,88.56333225,18,77.72
0.98,0.19,1.093,0.486,0.513,1.020,4.50,95.5,Imagenet-100,ResNet-18,7,0.25,CNN,2,128,Pets,11.22,126689,100,88.56333225,18,77.72
0.99,0,1.386,0.566,0.651,1.140,2.25,97.75,Imagenet-100,ResNet-18,7,0.25,CNN,2,128,STL,11.22,126689,100,88.56333225,18,77.72
0.95,0,6.044,0.090,0.090,0.450,16.82,83.18,Imagenet-100,VGGm-11,3,0.5,CNN,0,32,NINCO,9.46,10000,100,946,11,24.88
0.85,2.64,1.384,0.020,0.020,0.260,30.16,69.84,Imagenet-100,VGGm-11,3,0.5,CNN,0,32,ImageNet-R,9.46,10000,100,946,11,24.88
0.91,1.85,2.166,0.030,0.030,0.280,34.54,65.46,Imagenet-100,VGGm-11,3,0.5,CNN,0,32,CUB,9.46,10000,100,946,11,24.88
0.89,2.15,1.871,0.030,0.030,0.270,42.98,57.02,Imagenet-100,VGGm-11,3,0.5,CNN,0,32,Aircrafts,9.46,10000,100,946,11,24.88
0.87,0,4.641,0.070,0.070,0.380,34.60,65.4,Imagenet-100,VGGm-11,3,0.5,CNN,0,32,Flowers,9.46,10000,100,946,11,24.88
0.90,0,5.090,0.070,0.080,0.400,27.04,72.96,Imagenet-100,VGGm-11,3,0.5,CNN,0,32,CIFAR100,9.46,10000,100,946,11,24.88
0.99,0.5,3.518,0.050,0.050,0.330,13.34,86.66,Imagenet-100,VGGm-11,3,0.5,CNN,0,32,Pets,9.46,10000,100,946,11,24.88
0.97,0,9.283,0.110,0.140,0.630,8.43,91.57,Imagenet-100,VGGm-11,3,0.5,CNN,0,32,STL,9.46,10000,100,946,11,24.88
0.94,0,4.122,0.150,0.160,0.590,7.43,92.57,Imagenet-100,VGGm-11,3,0.5,CNN,2,32,NINCO,9.46,10000,100,946,11,34.02
0.79,2.08,0.857,0.030,0.030,0.350,27.08,72.92,Imagenet-100,VGGm-11,3,0.5,CNN,2,32,ImageNet-R,9.46,10000,100,946,11,34.02
0.95,1.08,1.855,0.070,0.070,0.400,13.49,86.51,Imagenet-100,VGGm-11,3,0.5,CNN,2,32,CUB,9.46,10000,100,946,11,34.02
0.73,1.95,0.985,0.030,0.040,0.360,36.45,63.55,Imagenet-100,VGGm-11,3,0.5,CNN,2,32,Aircrafts,9.46,10000,100,946,11,34.02
0.94,0,3.770,0.140,0.150,0.550,10.28,89.72,Imagenet-100,VGGm-11,3,0.5,CNN,2,32,Flowers,9.46,10000,100,946,11,34.02
0.88,0,3.340,0.120,0.130,0.510,16.48,83.52,Imagenet-100,VGGm-11,3,0.5,CNN,2,32,CIFAR100,9.46,10000,100,946,11,34.02
0.98,0.13,2.805,0.100,0.110,0.470,4.11,95.89,Imagenet-100,VGGm-11,3,0.5,CNN,2,32,Pets,9.46,10000,100,946,11,34.02
0.96,0,5.683,0.180,0.220,0.740,3.59,96.41,Imagenet-100,VGGm-11,3,0.5,CNN,2,32,STL,9.46,10000,100,946,11,34.02
0.91,0,3.815,0.110,0.120,0.500,21.51,78.49,Imagenet-100,VGGm-11,3,0.5,CNN,0,32,NINCO,9.46,20000,100,473,11,31.88
0.88,2.15,0.990,0.030,0.030,0.330,31.67,68.33,Imagenet-100,VGGm-11,3,0.5,CNN,0,32,ImageNet-R,9.46,20000,100,473,11,31.88
0.79,2.02,1.121,0.030,0.040,0.340,48.96,51.04,Imagenet-100,VGGm-11,3,0.5,CNN,0,32,CUB,9.46,20000,100,473,11,31.88
0.86,2.01,1.122,0.030,0.040,0.340,46.25,53.75,Imagenet-100,VGGm-11,3,0.5,CNN,0,32,Aircrafts,9.46,20000,100,473,11,31.88
0.83,0.26,2.875,0.090,0.090,0.430,35.50,64.5,Imagenet-100,VGGm-11,3,0.5,CNN,0,32,Flowers,9.46,20000,100,473,11,31.88
0.89,0,3.242,0.100,0.110,0.460,27.58,72.42,Imagenet-100,VGGm-11,3,0.5,CNN,0,32,CIFAR100,9.46,20000,100,473,11,31.88
0.95,0.69,2.443,0.070,0.080,0.400,21.13,78.87,Imagenet-100,VGGm-11,3,0.5,CNN,0,32,Pets,9.46,20000,100,473,11,31.88
0.96,0,5.923,0.160,0.190,0.680,9.64,90.36,Imagenet-100,VGGm-11,3,0.5,CNN,0,32,STL,9.46,20000,100,473,11,31.88
0.95,0,2.685,0.210,0.220,0.670,12.23,87.77,Imagenet-100,VGGm-11,3,0.5,CNN,2,32,NINCO,9.46,20000,100,473,11,43.7
0.86,1.68,0.607,0.050,0.050,0.450,29.84,70.16,Imagenet-100,VGGm-11,3,0.5,CNN,2,32,ImageNet-R,9.46,20000,100,473,11,43.7
0.91,1.23,1.062,0.080,0.090,0.480,29.05,70.95,Imagenet-100,VGGm-11,3,0.5,CNN,2,32,CUB,9.46,20000,100,473,11,43.7
0.67,1.73,0.561,0.040,0.050,0.450,47.11,52.89,Imagenet-100,VGGm-11,3,0.5,CNN,2,32,Aircrafts,9.46,20000,100,473,11,43.7
0.86,0.07,2.218,0.180,0.190,0.610,22.99,77.01,Imagenet-100,VGGm-11,3,0.5,CNN,2,32,Flowers,9.46,20000,100,473,11,43.7
0.90,0.06,2.231,0.180,0.190,0.610,18.73,81.27,Imagenet-100,VGGm-11,3,0.5,CNN,2,32,CIFAR100,9.46,20000,100,473,11,43.7
0.98,0.27,2.018,0.150,0.170,0.580,4.78,95.22,Imagenet-100,VGGm-11,3,0.5,CNN,2,32,Pets,9.46,20000,100,473,11,43.7
0.95,0,3.582,0.250,0.300,0.810,4.57,95.43,Imagenet-100,VGGm-11,3,0.5,CNN,2,32,STL,9.46,20000,100,473,11,43.7
0.92,0,2.382,0.180,0.200,0.630,19.08,80.92,Imagenet-100,VGGm-11,3,0.5,CNN,0,32,NINCO,9.46,50000,100,189.2,11,43.5
0.90,1.63,0.674,0.050,0.060,0.450,27.28,72.72,Imagenet-100,VGGm-11,3,0.5,CNN,0,32,ImageNet-R,9.46,50000,100,189.2,11,43.5
0.82,1.53,0.772,0.060,0.060,0.460,44.56,55.44,Imagenet-100,VGGm-11,3,0.5,CNN,0,32,CUB,9.46,50000,100,189.2,11,43.5
0.80,1.65,0.653,0.050,0.050,0.450,51.24,48.76,Imagenet-100,VGGm-11,3,0.5,CNN,0,32,Aircrafts,9.46,50000,100,189.2,11,43.5
0.84,0.5,1.803,0.140,0.150,0.550,37.97,62.03,Imagenet-100,VGGm-11,3,0.5,CNN,0,32,Flowers,9.46,50000,100,189.2,11,43.5
0.92,0.11,2.185,0.170,0.180,0.600,18.51,81.49,Imagenet-100,VGGm-11,3,0.5,CNN,0,32,CIFAR100,9.46,50000,100,189.2,11,43.5
0.97,0.55,1.749,0.130,0.140,0.550,13.22,86.78,Imagenet-100,VGGm-11,3,0.5,CNN,0,32,Pets,9.46,50000,100,189.2,11,43.5
0.96,0,3.527,0.240,0.290,0.800,6.56,93.44,Imagenet-100,VGGm-11,3,0.5,CNN,0,32,STL,9.46,50000,100,189.2,11,43.5
0.95,0,1.827,0.310,0.330,0.810,8.66,91.34,Imagenet-100,VGGm-11,3,0.5,CNN,2,32,NINCO,9.46,50000,100,189.2,11,56.5
0.93,1.25,0.519,0.090,0.090,0.590,18.99,81.01,Imagenet-100,VGGm-11,3,0.5,CNN,2,32,ImageNet-R,9.46,50000,100,189.2,11,56.5
0.93,1,0.775,0.130,0.140,0.620,23.33,76.67,Imagenet-100,VGGm-11,3,0.5,CNN,2,32,CUB,9.46,50000,100,189.2,11,56.5
0.72,1.37,0.399,0.070,0.070,0.580,46.74,53.26,Imagenet-100,VGGm-11,3,0.5,CNN,2,32,Aircrafts,9.46,50000,100,189.2,11,56.5
0.92,0.07,1.701,0.300,0.310,0.780,15.42,84.58,Imagenet-100,VGGm-11,3,0.5,CNN,2,32,Flowers,9.46,50000,100,189.2,11,56.5
0.92,0.22,1.554,0.270,0.280,0.750,12.69,87.31,Imagenet-100,VGGm-11,3,0.5,CNN,2,32,CIFAR100,9.46,50000,100,189.2,11,56.5
0.99,0.22,1.555,0.260,0.280,0.750,3.50,96.5,Imagenet-100,VGGm-11,3,0.5,CNN,2,32,Pets,9.46,50000,100,189.2,11,56.5
0.95,0,2.308,0.350,0.420,0.930,3.68,96.32,Imagenet-100,VGGm-11,3,0.5,CNN,2,32,STL,9.46,50000,100,189.2,11,56.5
0.94,0,2.240,0.200,0.210,0.660,17.61,82.39,Imagenet-100,VGGm-11,3,0.5,CNN,0,32,NINCO,9.46,70000,100,135.14,11,45.78
0.92,1.53,0.652,0.060,0.060,0.480,30.27,69.73,Imagenet-100,VGGm-11,3,0.5,CNN,0,32,ImageNet-R,9.46,70000,100,135.14,11,45.78
0.79,1.54,0.646,0.060,0.060,0.480,49.87,50.13,Imagenet-100,VGGm-11,3,0.5,CNN,0,32,CUB,9.46,70000,100,135.14,11,45.78
0.80,1.59,0.590,0.050,0.060,0.470,54.37,45.63,Imagenet-100,VGGm-11,3,0.5,CNN,0,32,Aircrafts,9.46,70000,100,135.14,11,45.78
0.81,0.64,1.544,0.140,0.150,0.560,42.61,57.39,Imagenet-100,VGGm-11,3,0.5,CNN,0,32,Flowers,9.46,70000,100,135.14,11,45.78
0.93,0.17,2.013,0.180,0.190,0.620,18.72,81.28,Imagenet-100,VGGm-11,3,0.5,CNN,0,32,CIFAR100,9.46,70000,100,135.14,11,45.78
0.97,0.45,1.730,0.150,0.170,0.580,13.36,86.64,Imagenet-100,VGGm-11,3,0.5,CNN,0,32,Pets,9.46,70000,100,135.14,11,45.78
0.96,0,3.212,0.260,0.310,0.810,8.01,91.99,Imagenet-100,VGGm-11,3,0.5,CNN,0,32,STL,9.46,70000,100,135.14,11,45.78
0.97,0,1.695,0.350,0.370,0.860,7.82,92.18,Imagenet-100,VGGm-11,3,0.5,CNN,2,32,NINCO,9.46,70000,100,135.14,11,60.06
0.95,1.16,0.502,0.100,0.110,0.630,16.65,83.35,Imagenet-100,VGGm-11,3,0.5,CNN,2,32,ImageNet-R,9.46,70000,100,135.14,11,60.06
0.93,0.95,0.719,0.150,0.160,0.650,22.66,77.34,Imagenet-100,VGGm-11,3,0.5,CNN,2,32,CUB,9.46,70000,100,135.14,11,60.06
0.74,1.28,0.384,0.080,0.080,0.620,46.90,53.1,Imagenet-100,VGGm-11,3,0.5,CNN,2,32,Aircrafts,9.46,70000,100,135.14,11,60.06
0.93,0.15,1.514,0.320,0.330,0.810,18.69,81.31,Imagenet-100,VGGm-11,3,0.5,CNN,2,32,Flowers,9.46,70000,100,135.14,11,60.06
0.93,0.23,1.432,0.300,0.310,0.790,12.25,87.75,Imagenet-100,VGGm-11,3,0.5,CNN,2,32,CIFAR100,9.46,70000,100,135.14,11,60.06
0.98,0.27,1.396,0.280,0.300,0.780,2.89,97.11,Imagenet-100,VGGm-11,3,0.5,CNN,2,32,Pets,9.46,70000,100,135.14,11,60.06
0.96,0,2.108,0.390,0.460,0.970,2.27,97.73,Imagenet-100,VGGm-11,3,0.5,CNN,2,32,STL,9.46,70000,100,135.14,11,60.06
0.34,0.12,0.024,0.060,0.080,0.720,73.22,26.78,Imagenet-100,VGGm-11,3,0.5,CNN,0,32,NINCO,9.46,10000,10,946,11,70.8
0.29,0.14,0.006,0.010,0.020,0.710,76.10,23.9,Imagenet-100,VGGm-11,3,0.5,CNN,0,32,ImageNet-R,9.46,10000,10,946,11,70.8
0.40,0.13,0.007,0.020,0.020,0.710,83.01,16.99,Imagenet-100,VGGm-11,3,0.5,CNN,0,32,CUB,9.46,10000,10,946,11,70.8
0.42,0.14,0.005,0.010,0.020,0.710,87.13,12.87,Imagenet-100,VGGm-11,3,0.5,CNN,0,32,Aircrafts,9.46,10000,10,946,11,70.8
0.34,0.12,0.017,0.050,0.060,0.710,80.71,19.29,Imagenet-100,VGGm-11,3,0.5,CNN,0,32,Flowers,9.46,10000,10,946,11,70.8
0.41,0.12,0.023,0.060,0.080,0.720,72.87,27.13,Imagenet-100,VGGm-11,3,0.5,CNN,0,32,CIFAR100,9.46,10000,10,946,11,70.8
0.39,0.13,0.013,0.020,0.040,0.710,73.68,26.32,Imagenet-100,VGGm-11,3,0.5,CNN,0,32,Pets,9.46,10000,10,946,11,70.8
0.27,0.09,0.047,0.080,0.170,0.750,60.75,39.25,Imagenet-100,VGGm-11,3,0.5,CNN,0,32,STL,9.46,10000,10,946,11,70.8
0.62,0.09,0.041,0.140,0.180,0.790,54.44,45.56,Imagenet-100,VGGm-11,3,0.5,CNN,2,32,NINCO,9.46,10000,10,946,11,75.4
0.37,0.13,0.007,0.020,0.030,0.760,71.81,28.19,Imagenet-100,VGGm-11,3,0.5,CNN,2,32,ImageNet-R,9.46,10000,10,946,11,75.4
0.54,0.12,0.012,0.040,0.050,0.760,72.03,27.97,Imagenet-100,VGGm-11,3,0.5,CNN,2,32,CUB,9.46,10000,10,946,11,75.4
0.43,0.13,0.006,0.020,0.030,0.750,80.26,19.74,Imagenet-100,VGGm-11,3,0.5,CNN,2,32,Aircrafts,9.46,10000,10,946,11,75.4
0.47,0.1,0.032,0.110,0.140,0.780,64.48,35.52,Imagenet-100,VGGm-11,3,0.5,CNN,2,32,Flowers,9.46,10000,10,946,11,75.4
0.47,0.11,0.027,0.090,0.110,0.770,67.62,32.38,Imagenet-100,VGGm-11,3,0.5,CNN,2,32,CIFAR100,9.46,10000,10,946,11,75.4
0.57,0.11,0.020,0.060,0.090,0.760,58.76,41.24,Imagenet-100,VGGm-11,3,0.5,CNN,2,32,Pets,9.46,10000,10,946,11,75.4
0.45,0.08,0.057,0.150,0.240,0.820,49.37,50.63,Imagenet-100,VGGm-11,3,0.5,CNN,2,32,STL,9.46,10000,10,946,11,75.4
0.77,0.24,1.121,0.100,0.110,0.480,31.08,68.92,Imagenet-100,VGGm-11,3,0.5,CNN,0,32,NINCO,9.46,10000,50,946,11,36.8
0.80,1.05,0.313,0.030,0.030,0.380,31.17,68.83,Imagenet-100,VGGm-11,3,0.5,CNN,0,32,ImageNet-R,9.46,10000,50,946,11,36.8
0.73,0.97,0.384,0.030,0.040,0.380,51.49,48.51,Imagenet-100,VGGm-11,3,0.5,CNN,0,32,CUB,9.46,10000,50,946,11,36.8
0.80,1.01,0.346,0.030,0.030,0.380,56.49,43.51,Imagenet-100,VGGm-11,3,0.5,CNN,0,32,Aircrafts,9.46,10000,50,946,11,36.8
0.77,0.46,0.894,0.080,0.090,0.440,42.02,57.98,Imagenet-100,VGGm-11,3,0.5,CNN,0,32,Flowers,9.46,10000,50,946,11,36.8
0.82,0.28,1.083,0.100,0.110,0.470,31.13,68.87,Imagenet-100,VGGm-11,3,0.5,CNN,0,32,CIFAR100,9.46,10000,50,946,11,36.8
0.94,0.59,0.764,0.060,0.080,0.420,23.95,76.05,Imagenet-100,VGGm-11,3,0.5,CNN,0,32,Pets,9.46,10000,50,946,11,36.8
0.90,0,1.943,0.150,0.190,0.640,14.85,85.15,Imagenet-100,VGGm-11,3,0.5,CNN,0,32,STL,9.46,10000,50,946,11,36.8
0.91,0.13,0.848,0.210,0.220,0.670,20.31,79.69,Imagenet-100,VGGm-11,3,0.5,CNN,2,32,NINCO,9.46,10000,50,946,11,50.96
0.81,0.8,0.180,0.040,0.050,0.520,37.21,62.79,Imagenet-100,VGGm-11,3,0.5,CNN,2,32,ImageNet-R,9.46,10000,50,946,11,50.96
0.90,0.62,0.359,0.090,0.090,0.540,35.06,64.94,Imagenet-100,VGGm-11,3,0.5,CNN,2,32,CUB,9.46,10000,50,946,11,50.96
0.70,0.8,0.186,0.040,0.050,0.520,50.15,49.85,Imagenet-100,VGGm-11,3,0.5,CNN,2,32,Aircrafts,9.46,10000,50,946,11,50.96
0.84,0.25,0.729,0.180,0.190,0.630,26.48,73.52,Imagenet-100,VGGm-11,3,0.5,CNN,2,32,Flowers,9.46,10000,50,946,11,50.96
0.83,0.3,0.677,0.170,0.180,0.620,28.17,71.83,Imagenet-100,VGGm-11,3,0.5,CNN,2,32,CIFAR100,9.46,10000,50,946,11,50.96
0.99,0.27,0.710,0.170,0.190,0.630,9.92,90.08,Imagenet-100,VGGm-11,3,0.5,CNN,2,32,Pets,9.46,10000,50,946,11,50.96
0.92,0,1.188,0.250,0.310,0.800,10.93,89.07,Imagenet-100,VGGm-11,3,0.5,CNN,2,32,STL,9.46,10000,50,946,11,50.96